tomcat/modules/jdbc-pool/src/main/java/org/apache/tomcat/jdbc/pool/interceptor/StatementDecoratorInterceptor.java,181,193,tomcat/modules/jdbc-pool/src/main/java/org/apache/tomcat/jdbc/pool/interceptor/StatementDecoratorInterceptor.java,181,193,filtered,Found in type1 clones,,,,,
tomcat/webapps/examples/WEB-INF/classes/nonblocking/NumberWriter.java,61,75,tomcat/webapps/examples/WEB-INF/classes/nonblocking/NumberWriter.java,61,75,filtered,Found in type1 clones,,,,,
tomcat/java/org/apache/jasper/compiler/Validator.java,58,182,tomcat/java/org/apache/jasper/compiler/Validator.java,58,182,filtered,Found in type1 clones,,,,,
tomcat/modules/jdbc-pool/src/main/java/org/apache/tomcat/jdbc/pool/interceptor/SlowQueryReport.java,259,287,tomcat/modules/jdbc-pool/src/main/java/org/apache/tomcat/jdbc/pool/interceptor/SlowQueryReport.java,259,287,filtered,Found in type1 clones,,,,,
tomcat/java/org/apache/tomcat/util/net/Nio2Endpoint.java,589,606,tomcat/java/org/apache/tomcat/util/net/Nio2Endpoint.java,589,606,filtered,Found in type1 clones,,,,,
tomcat/java/org/apache/catalina/realm/GenericPrincipal.java,106,116,tomcat/java/org/apache/catalina/realm/GenericPrincipal.java,106,116,filtered,Found in type1 clones,,,,,
tomcat/modules/jdbc-pool/src/main/java/org/apache/tomcat/jdbc/pool/FairBlockingQueue.java,249,262,tomcat/modules/jdbc-pool/src/main/java/org/apache/tomcat/jdbc/pool/FairBlockingQueue.java,249,262,filtered,Found in type1 clones,,,,,
tomcat/java/org/apache/coyote/http11/Http11OutputBuffer.java,62,71,tomcat/java/org/apache/coyote/http11/Http11OutputBuffer.java,62,71,filtered,Found in type1 clones,,,,,
tomcat/java/org/apache/jasper/servlet/TldScanner.java,221,249,tomcat/java/org/apache/jasper/servlet/TldScanner.java,221,249,filtered,Found in type1 clones,,,,,
tomcat/java/org/apache/tomcat/util/net/Nio2Endpoint.java,986,1020,tomcat/java/org/apache/tomcat/util/net/Nio2Endpoint.java,986,1020,filtered,Found in type1 clones,,,,,
tomcat/java/org/apache/tomcat/util/net/Nio2Endpoint.java,415,426,tomcat/java/org/apache/tomcat/util/net/Nio2Endpoint.java,415,426,filtered,Found in type1 clones,,,,,
tomcat/java/org/apache/jasper/compiler/Node.java,1310,1321,tomcat/java/org/apache/jasper/compiler/Node.java,1310,1321,filtered,Found in type1 clones,,,,,
tomcat/java/org/apache/jasper/compiler/Node.java,1012,1026,tomcat/java/org/apache/jasper/compiler/Node.java,1012,1026,filtered,Found in type1 clones,,,,,
tomcat/java/org/apache/jasper/compiler/Generator.java,2141,2157,tomcat/java/org/apache/jasper/compiler/Generator.java,2141,2157,filtered,Found in type1 clones,,,,,
tomcat/java/org/apache/catalina/tribes/group/interceptors/OrderInterceptor.java,210,240,tomcat/java/org/apache/catalina/tribes/group/interceptors/OrderInterceptor.java,210,240,filtered,Found in type1 clones,,,,,
tomcat/java/org/apache/jasper/xmlparser/XMLEncodingDetector.java,622,645,tomcat/java/org/apache/jasper/xmlparser/XMLEncodingDetector.java,622,645,filtered,Found in type1 clones,,,,,
tomcat/java/org/apache/catalina/webresources/Cache.java,194,204,tomcat/java/org/apache/catalina/webresources/Cache.java,194,204,filtered,Found in type1 clones,,,,,
tomcat/java/org/apache/catalina/tribes/group/GroupChannel.java,401,412,tomcat/java/org/apache/catalina/tribes/group/GroupChannel.java,401,412,filtered,Found in type1 clones,,,,,
tomcat/modules/jdbc-pool/src/main/java/org/apache/tomcat/jdbc/pool/PoolProperties.java,616,625,tomcat/modules/jdbc-pool/src/main/java/org/apache/tomcat/jdbc/pool/PoolProperties.java,616,625,filtered,Found in type1 clones,,,,,
tomcat/java/org/apache/jasper/compiler/Validator.java,1155,1174,tomcat/java/org/apache/jasper/compiler/Validator.java,1155,1174,filtered,Found in type1 clones,,,,,
tomcat/java/org/apache/jasper/compiler/Generator.java,868,932,tomcat/java/org/apache/jasper/compiler/Generator.java,868,932,filtered,Found in type1 clones,,,,,
tomcat/java/org/apache/catalina/servlets/CGIServlet.java,826,860,tomcat/java/org/apache/catalina/servlets/CGIServlet.java,826,860,filtered,Found in type1 clones,,,,,
tomcat/java/org/apache/tomcat/util/net/Nio2Endpoint.java,947,968,tomcat/java/org/apache/tomcat/util/net/Nio2Endpoint.java,947,968,filtered,Found in type1 clones,,,,,
tomcat/java/org/apache/jasper/compiler/Validator.java,1247,1274,tomcat/java/org/apache/jasper/compiler/Validator.java,1247,1274,filtered,Found in type1 clones,,,,,
tomcat/java/org/apache/catalina/filters/RemoteIpFilter.java,50,63,tomcat/java/org/apache/catalina/filters/RemoteIpFilter.java,50,63,filtered,Found in type1 clones,,,,,
tomcat/java/org/apache/jasper/compiler/Node.java,1139,1157,tomcat/java/org/apache/jasper/compiler/Node.java,1139,1157,filtered,Found in type1 clones,,,,,
tomcat/java/org/apache/jasper/compiler/Node.java,206,216,tomcat/java/org/apache/jasper/compiler/Node.java,206,216,filtered,Found in type1 clones,,,,,
tomcat/java/org/apache/jasper/tagplugins/jstl/Util.java,227,239,tomcat/java/org/apache/jasper/tagplugins/jstl/Util.java,227,239,filtered,Found in type1 clones,,,,,
tomcat/java/org/apache/tomcat/dbcp/pool2/impl/BaseGenericObjectPool.java,405,417,tomcat/java/org/apache/tomcat/dbcp/pool2/impl/BaseGenericObjectPool.java,405,417,filtered,Found in type1 clones,,,,,
tomcat/java/javax/el/Util.java,105,117,tomcat/java/javax/el/Util.java,105,117,filtered,Found in type1 clones,,,,,
tomcat/java/org/apache/catalina/valves/ExtendedAccessLogValve.java,74,86,tomcat/java/org/apache/catalina/valves/ExtendedAccessLogValve.java,74,86,filtered,Found in type1 clones,,,,,
tomcat/java/org/apache/jasper/compiler/Generator.java,738,764,tomcat/java/org/apache/jasper/compiler/Generator.java,738,764,filtered,Found in type1 clones,,,,,
tomcat/java/org/apache/jasper/compiler/Node.java,894,912,tomcat/java/org/apache/jasper/compiler/Node.java,894,912,filtered,Found in type1 clones,,,,,
tomcat/java/org/apache/tomcat/util/net/Nio2Endpoint.java,831,850,tomcat/java/org/apache/tomcat/util/net/Nio2Endpoint.java,831,850,filtered,Found in type1 clones,,,,,
tomcat/java/org/apache/catalina/valves/AbstractAccessLogValve.java,143,154,tomcat/java/org/apache/catalina/valves/AbstractAccessLogValve.java,143,154,filtered,Found in type1 clones,,,,,
tomcat/java/org/apache/tomcat/util/net/Nio2Endpoint.java,970,981,tomcat/java/org/apache/tomcat/util/net/Nio2Endpoint.java,970,981,filtered,Found in type1 clones,,,,,
tomcat/java/org/apache/tomcat/util/digester/Digester.java,60,69,tomcat/java/org/apache/tomcat/util/digester/Digester.java,60,69,filtered,Found in type1 clones,,,,,
tomcat/java/org/apache/catalina/authenticator/DigestAuthenticator.java,239,335,tomcat/java/org/apache/catalina/authenticator/DigestAuthenticator.java,239,335,filtered,Found in type1 clones,,,,,
tomcat/java/org/apache/jasper/compiler/Generator.java,150,162,tomcat/java/org/apache/jasper/compiler/Generator.java,150,162,filtered,Found in type1 clones,,,,,
tomcat/java/org/apache/jasper/compiler/TextOptimizer.java,41,54,tomcat/java/org/apache/jasper/compiler/TextOptimizer.java,41,54,filtered,Found in type1 clones,,,,,
tomcat/java/org/apache/catalina/tribes/group/AbsoluteOrder.java,63,72,tomcat/java/org/apache/catalina/tribes/group/AbsoluteOrder.java,63,72,filtered,Found in type1 clones,,,,,
tomcat/java/javax/servlet/jsp/el/ImplicitObjectELResolver.java,357,391,tomcat/java/javax/servlet/jsp/el/ImplicitObjectELResolver.java,357,391,filtered,Found in type1 clones,,,,,
tomcat/modules/jdbc-pool/src/main/java/org/apache/tomcat/jdbc/pool/PoolProperties.java,606,615,tomcat/modules/jdbc-pool/src/main/java/org/apache/tomcat/jdbc/pool/PoolProperties.java,606,615,filtered,Found in type1 clones,,,,,
tomcat/java/org/apache/jasper/compiler/Validator.java,1215,1225,tomcat/java/org/apache/jasper/compiler/Validator.java,1215,1225,filtered,Found in type1 clones,,,,,
tomcat/modules/jdbc-pool/src/main/java/org/apache/tomcat/jdbc/pool/interceptor/StatementDecoratorInterceptor.java,140,179,tomcat/modules/jdbc-pool/src/main/java/org/apache/tomcat/jdbc/pool/interceptor/StatementDecoratorInterceptor.java,140,179,filtered,Found in type1 clones,,,,,
tomcat/java/org/apache/jasper/compiler/Validator.java,607,626,tomcat/java/org/apache/jasper/compiler/Validator.java,607,626,filtered,Found in type1 clones,,,,,
tomcat/java/org/apache/tomcat/util/net/Nio2Endpoint.java,762,778,tomcat/java/org/apache/tomcat/util/net/Nio2Endpoint.java,762,778,filtered,Found in type1 clones,,,,,
tomcat/java/org/apache/jasper/compiler/PageDataImpl.java,391,404,tomcat/java/org/apache/jasper/compiler/PageDataImpl.java,391,404,filtered,Found in type1 clones,,,,,
tomcat/java/org/apache/jasper/compiler/Generator.java,2490,2519,tomcat/java/org/apache/jasper/compiler/Generator.java,2490,2519,filtered,Found in type1 clones,,,,,
tomcat/java/javax/servlet/jsp/el/ImplicitObjectELResolver.java,219,235,tomcat/java/javax/servlet/jsp/el/ImplicitObjectELResolver.java,219,235,filtered,Found in type1 clones,,,,,
tomcat/java/org/apache/catalina/valves/AbstractAccessLogValve.java,461,495,tomcat/java/org/apache/catalina/valves/AbstractAccessLogValve.java,461,495,filtered,Found in type1 clones,,,,,
tomcat/java/org/apache/jasper/compiler/Node.java,1290,1303,tomcat/java/org/apache/jasper/compiler/Node.java,1290,1303,filtered,Found in type1 clones,,,,,
tomcat/java/org/apache/jasper/compiler/Node.java,999,1011,tomcat/java/org/apache/jasper/compiler/Node.java,999,1011,filtered,Found in type1 clones,,,,,
tomcat/java/org/apache/jasper/compiler/PageDataImpl.java,176,191,tomcat/java/org/apache/jasper/compiler/PageDataImpl.java,176,191,filtered,Found in type1 clones,,,,,
tomcat/modules/jdbc-pool/src/main/java/org/apache/tomcat/jdbc/pool/MultiLockFairBlockingQueue.java,249,258,tomcat/modules/jdbc-pool/src/main/java/org/apache/tomcat/jdbc/pool/MultiLockFairBlockingQueue.java,249,258,filtered,Found in type1 clones,,,,,
tomcat/java/org/apache/tomcat/util/net/NioEndpoint.java,878,896,tomcat/java/org/apache/tomcat/util/net/NioEndpoint.java,878,896,filtered,Found in type1 clones,,,,,
tomcat/java/org/apache/jasper/compiler/PageDataImpl.java,279,307,tomcat/java/org/apache/jasper/compiler/PageDataImpl.java,279,307,filtered,Found in type1 clones,,,,,
tomcat/java/org/apache/jasper/compiler/Generator.java,187,216,tomcat/java/org/apache/jasper/compiler/Generator.java,187,216,filtered,Found in type1 clones,,,,,
tomcat/java/org/apache/coyote/http2/HPackHuffman.java,447,462,tomcat/java/org/apache/coyote/http2/HPackHuffman.java,447,462,filtered,Found in type1 clones,,,,,
tomcat/java/org/apache/juli/ClassLoaderLogManager.java,428,451,tomcat/java/org/apache/juli/ClassLoaderLogManager.java,428,451,filtered,Found in type1 clones,,,,,
tomcat/java/org/apache/jasper/compiler/Generator.java,786,797,tomcat/java/org/apache/jasper/compiler/Generator.java,786,797,filtered,Found in type1 clones,,,,,
tomcat/java/org/apache/tomcat/util/net/Nio2Endpoint.java,932,945,tomcat/java/org/apache/tomcat/util/net/Nio2Endpoint.java,932,945,filtered,Found in type1 clones,,,,,
tomcat/java/org/apache/catalina/servlets/CGIServlet.java,233,244,tomcat/java/org/apache/catalina/servlets/CGIServlet.java,233,244,filtered,Found in type1 clones,,,,,
tomcat/java/org/apache/jasper/compiler/Validator.java,1275,1335,tomcat/java/org/apache/jasper/compiler/Validator.java,1275,1335,filtered,Found in type1 clones,,,,,
tomcat/java/org/apache/tomcat/util/collections/ManagedConcurrentWeakHashMap.java,168,186,tomcat/java/org/apache/tomcat/util/collections/ManagedConcurrentWeakHashMap.java,168,186,filtered,Found in type1 clones,,,,,
tomcat/java/javax/servlet/jsp/el/ImplicitObjectELResolver.java,304,318,tomcat/java/javax/servlet/jsp/el/ImplicitObjectELResolver.java,304,318,filtered,Found in type1 clones,,,,,
tomcat/java/org/apache/jasper/compiler/Validator.java,978,1021,tomcat/java/org/apache/jasper/compiler/Validator.java,978,1021,filtered,Found in type1 clones,,,,,
tomcat/java/org/apache/jasper/compiler/Validator.java,1175,1214,tomcat/java/org/apache/jasper/compiler/Validator.java,1175,1214,filtered,Found in type1 clones,,,,,
tomcat/java/org/apache/jasper/compiler/Generator.java,3083,3105,tomcat/java/org/apache/jasper/compiler/Generator.java,3083,3105,filtered,Found in type1 clones,,,,,
tomcat/modules/jdbc-pool/src/main/java/org/apache/tomcat/jdbc/pool/FairBlockingQueue.java,238,247,tomcat/modules/jdbc-pool/src/main/java/org/apache/tomcat/jdbc/pool/FairBlockingQueue.java,238,247,filtered,Found in type1 clones,,,,,
tomcat/java/org/apache/catalina/core/StandardContext.java,2221,2242,tomcat/java/org/apache/catalina/core/StandardContext.java,2221,2242,filtered,Found in type1 clones,,,,,
tomcat/java/org/apache/jasper/compiler/Validator.java,783,795,tomcat/java/org/apache/jasper/compiler/Validator.java,783,795,filtered,Found in type1 clones,,,,,
tomcat/java/org/apache/jasper/compiler/Generator.java,2312,2393,tomcat/java/org/apache/jasper/compiler/Generator.java,2312,2393,filtered,Found in type1 clones,,,,,
tomcat/java/org/apache/tomcat/util/descriptor/tld/TldRuleSet.java,130,170,tomcat/java/org/apache/tomcat/util/descriptor/tld/TldRuleSet.java,130,170,filtered,Found in type1 clones,,,,,
tomcat/java/org/apache/tomcat/util/net/Nio2Endpoint.java,363,413,tomcat/java/org/apache/tomcat/util/net/Nio2Endpoint.java,363,413,filtered,Found in type1 clones,,,,,
tomcat/java/org/apache/tomcat/util/net/Nio2Endpoint.java,1035,1044,tomcat/java/org/apache/tomcat/util/net/Nio2Endpoint.java,1035,1044,filtered,Found in type1 clones,,,,,
tomcat/java/org/apache/jasper/compiler/PageDataImpl.java,365,382,tomcat/java/org/apache/jasper/compiler/PageDataImpl.java,365,382,filtered,Found in type1 clones,,,,,
tomcat/java/org/apache/tomcat/dbcp/pool2/PoolUtils.java,381,390,tomcat/java/org/apache/tomcat/dbcp/pool2/PoolUtils.java,381,390,filtered,Found in type1 clones,,,,,
tomcat/java/org/apache/catalina/tribes/group/interceptors/FragmentationInterceptor.java,141,155,tomcat/java/org/apache/catalina/tribes/group/interceptors/FragmentationInterceptor.java,141,155,filtered,Found in type1 clones,,,,,
tomcat/java/javax/servlet/jsp/el/ImplicitObjectELResolver.java,280,303,tomcat/java/javax/servlet/jsp/el/ImplicitObjectELResolver.java,280,303,filtered,Found in type1 clones,,,,,
tomcat/java/org/apache/catalina/filters/CsrfPreventionFilter.java,96,125,tomcat/java/org/apache/catalina/filters/CsrfPreventionFilter.java,96,125,filtered,Found in type1 clones,,,,,
tomcat/modules/jdbc-pool/src/main/java/org/apache/tomcat/jdbc/pool/FairBlockingQueue.java,289,299,tomcat/modules/jdbc-pool/src/main/java/org/apache/tomcat/jdbc/pool/FairBlockingQueue.java,289,299,filtered,Found in type1 clones,,,,,
tomcat/java/org/apache/jasper/compiler/Validator.java,729,781,tomcat/java/org/apache/jasper/compiler/Validator.java,729,781,filtered,Found in type1 clones,,,,,
tomcat/java/org/apache/catalina/core/StandardContext.java,2210,2220,tomcat/java/org/apache/catalina/core/StandardContext.java,2210,2220,filtered,Found in type1 clones,,,,,
tomcat/java/org/apache/tomcat/websocket/server/WsWriteTimeout.java,61,72,tomcat/java/org/apache/tomcat/websocket/server/WsWriteTimeout.java,61,72,filtered,Found in type1 clones,,,,,
tomcat/java/org/apache/el/stream/Stream.java,373,385,tomcat/java/org/apache/el/stream/Stream.java,373,385,filtered,Found in type1 clones,,,,,
tomcat/java/org/apache/jasper/compiler/PageDataImpl.java,434,466,tomcat/java/org/apache/jasper/compiler/PageDataImpl.java,434,466,filtered,Found in type1 clones,,,,,
tomcat/java/org/apache/jasper/compiler/Generator.java,1792,1815,tomcat/java/org/apache/jasper/compiler/Generator.java,1792,1815,filtered,Found in type1 clones,,,,,
tomcat/java/org/apache/jasper/compiler/Validator.java,278,292,tomcat/java/org/apache/jasper/compiler/Validator.java,278,292,filtered,Found in type1 clones,,,,,
tomcat/java/org/apache/tomcat/util/net/Nio2Endpoint.java,858,877,tomcat/java/org/apache/tomcat/util/net/Nio2Endpoint.java,858,877,filtered,Found in type1 clones,,,,,
tomcat/modules/jdbc-pool/src/main/java/org/apache/tomcat/jdbc/pool/PoolProperties.java,651,660,tomcat/modules/jdbc-pool/src/main/java/org/apache/tomcat/jdbc/pool/PoolProperties.java,651,660,filtered,Found in type1 clones,,,,,
tomcat/java/org/apache/catalina/core/ApplicationHttpRequest.java,433,443,tomcat/java/org/apache/catalina/core/ApplicationHttpRequest.java,433,443,filtered,Found in type1 clones,,,,,
tomcat/java/org/apache/jasper/compiler/Generator.java,2463,2489,tomcat/java/org/apache/jasper/compiler/Generator.java,2463,2489,filtered,Found in type1 clones,,,,,
tomcat/java/org/apache/tomcat/util/net/NioBlockingSelector.java,202,233,tomcat/java/org/apache/tomcat/util/net/NioBlockingSelector.java,202,233,filtered,Found in type1 clones,,,,,
tomcat/java/org/apache/tomcat/util/net/NioBlockingSelector.java,284,293,tomcat/java/org/apache/tomcat/util/net/NioBlockingSelector.java,284,293,filtered,Found in type1 clones,,,,,
tomcat/java/org/apache/jasper/compiler/Validator.java,810,977,tomcat/java/org/apache/jasper/compiler/Validator.java,810,977,filtered,Found in type1 clones,,,,,
tomcat/java/org/apache/tomcat/util/http/fileupload/FileUploadBase.java,389,451,tomcat/java/org/apache/tomcat/util/http/fileupload/FileUploadBase.java,389,451,filtered,Found in type1 clones,,,,,
tomcat/java/org/apache/jasper/compiler/Generator.java,2095,2134,tomcat/java/org/apache/jasper/compiler/Generator.java,2095,2134,filtered,Found in type1 clones,,,,,
tomcat/java/org/apache/catalina/valves/ExtendedAccessLogValve.java,313,333,tomcat/java/org/apache/catalina/valves/ExtendedAccessLogValve.java,313,333,filtered,Found in type1 clones,,,,,
tomcat/java/org/apache/el/lang/FunctionMapperImpl.java,90,101,tomcat/java/org/apache/el/lang/FunctionMapperImpl.java,90,101,filtered,Found in type1 clones,,,,,
tomcat/java/org/apache/catalina/tribes/membership/Membership.java,162,171,tomcat/java/org/apache/catalina/tribes/membership/Membership.java,162,171,filtered,Found in type1 clones,,,,,
tomcat/java/javax/servlet/jsp/el/ImplicitObjectELResolver.java,334,356,tomcat/java/javax/servlet/jsp/el/ImplicitObjectELResolver.java,334,356,filtered,Found in type1 clones,,,,,
tomcat/java/org/apache/tomcat/util/net/Nio2Endpoint.java,1152,1161,tomcat/java/org/apache/tomcat/util/net/Nio2Endpoint.java,1152,1161,filtered,Found in type1 clones,,,,,
tomcat/java/org/apache/tomcat/dbcp/pool2/impl/LinkedBlockingDeque.java,602,615,tomcat/java/org/apache/tomcat/dbcp/pool2/impl/LinkedBlockingDeque.java,602,615,filtered,Found in type1 clones,,,,,
tomcat/java/org/apache/tomcat/util/net/Nio2Endpoint.java,729,760,tomcat/java/org/apache/tomcat/util/net/Nio2Endpoint.java,729,760,filtered,Found in type1 clones,,,,,
tomcat/java/org/apache/catalina/core/ApplicationHttpRequest.java,450,466,tomcat/java/org/apache/catalina/core/ApplicationHttpRequest.java,450,466,filtered,Found in type1 clones,,,,,
tomcat/java/org/apache/tomcat/util/net/NioBlockingSelector.java,175,184,tomcat/java/org/apache/tomcat/util/net/NioBlockingSelector.java,175,184,filtered,Found in type1 clones,,,,,
tomcat/java/org/apache/catalina/valves/ExtendedAccessLogValve.java,223,232,tomcat/java/org/apache/catalina/valves/ExtendedAccessLogValve.java,223,232,filtered,Found in type1 clones,,,,,
tomcat/java/org/apache/tomcat/util/net/Nio2Endpoint.java,1097,1136,tomcat/java/org/apache/tomcat/util/net/Nio2Endpoint.java,1097,1136,filtered,Found in type1 clones,,,,,
tomcat/java/org/apache/jasper/compiler/PageDataImpl.java,96,113,tomcat/java/org/apache/jasper/compiler/PageDataImpl.java,96,113,filtered,Found in type1 clones,,,,,
tomcat/java/org/apache/jasper/compiler/Generator.java,1633,1665,tomcat/java/org/apache/jasper/compiler/Generator.java,1633,1665,filtered,Found in type1 clones,,,,,
tomcat/java/org/apache/jasper/compiler/Generator.java,1583,1594,tomcat/java/org/apache/jasper/compiler/Generator.java,1583,1594,filtered,Found in type1 clones,,,,,
tomcat/java/org/apache/catalina/core/StandardEngine.java,229,238,tomcat/java/org/apache/catalina/core/StandardEngine.java,229,238,filtered,Found in type1 clones,,,,,
tomcat/java/org/apache/jasper/compiler/PageDataImpl.java,410,433,tomcat/java/org/apache/jasper/compiler/PageDataImpl.java,410,433,filtered,Found in type1 clones,,,,,
tomcat/java/org/apache/jasper/compiler/Generator.java,1989,2041,tomcat/java/org/apache/jasper/compiler/Generator.java,1989,2041,filtered,Found in type1 clones,,,,,
tomcat/java/javax/el/Util.java,562,574,tomcat/java/javax/el/Util.java,562,574,filtered,Found in type1 clones,,,,,
tomcat/java/org/apache/jasper/compiler/Validator.java,797,809,tomcat/java/org/apache/jasper/compiler/Validator.java,797,809,filtered,Found in type1 clones,,,,,
tomcat/java/org/apache/catalina/authenticator/BasicAuthenticator.java,98,122,tomcat/java/org/apache/catalina/authenticator/BasicAuthenticator.java,98,122,filtered,Found in type1 clones,,,,,
tomcat/java/org/apache/jasper/compiler/Generator.java,2571,2607,tomcat/java/org/apache/jasper/compiler/Generator.java,2571,2607,filtered,Found in type1 clones,,,,,
tomcat/java/org/apache/jasper/compiler/Validator.java,564,582,tomcat/java/org/apache/jasper/compiler/Validator.java,564,582,filtered,Found in type1 clones,,,,,
tomcat/java/org/apache/catalina/tribes/group/AbsoluteOrder.java,47,59,tomcat/java/org/apache/catalina/tribes/group/AbsoluteOrder.java,47,59,filtered,Found in type1 clones,,,,,
tomcat/java/org/apache/tomcat/dbcp/pool2/PoolUtils.java,175,189,tomcat/java/org/apache/tomcat/dbcp/pool2/PoolUtils.java,175,189,filtered,Found in type1 clones,,,,,
tomcat/java/org/apache/catalina/valves/AbstractAccessLogValve.java,155,173,tomcat/java/org/apache/catalina/valves/AbstractAccessLogValve.java,155,173,filtered,Found in type1 clones,,,,,
tomcat/java/javax/servlet/jsp/el/ImplicitObjectELResolver.java,236,261,tomcat/java/javax/servlet/jsp/el/ImplicitObjectELResolver.java,236,261,filtered,Found in type1 clones,,,,,
tomcat/java/org/apache/catalina/ha/deploy/WarWatcher.java,19,54,tomcat/java/org/apache/catalina/ha/deploy/WarWatcher.java,19,54,filtered,Found in type1 clones,,,,,
tomcat/modules/jdbc-pool/src/main/java/org/apache/tomcat/jdbc/pool/PoolProperties.java,596,605,tomcat/modules/jdbc-pool/src/main/java/org/apache/tomcat/jdbc/pool/PoolProperties.java,596,605,filtered,Found in type1 clones,,,,,
tomcat/java/org/apache/jasper/runtime/JspContextWrapper.java,404,423,tomcat/java/org/apache/jasper/runtime/JspContextWrapper.java,404,423,filtered,Found in type1 clones,,,,,
tomcat/java/org/apache/catalina/authenticator/SpnegoAuthenticator.java,345,376,tomcat/java/org/apache/catalina/authenticator/SpnegoAuthenticator.java,345,376,filtered,Found in type1 clones,,,,,
tomcat/java/org/apache/tomcat/dbcp/pool2/PoolUtils.java,264,273,tomcat/java/org/apache/tomcat/dbcp/pool2/PoolUtils.java,264,273,filtered,Found in type1 clones,,,,,
tomcat/java/org/apache/jasper/compiler/Node.java,1356,1375,tomcat/java/org/apache/jasper/compiler/Node.java,1356,1375,filtered,Found in type1 clones,,,,,
tomcat/java/org/apache/el/util/ReflectionUtil.java,339,351,tomcat/java/org/apache/el/util/ReflectionUtil.java,339,351,filtered,Found in type1 clones,,,,,
tomcat/java/org/apache/jasper/compiler/Collector.java,106,118,tomcat/java/org/apache/jasper/compiler/Collector.java,106,118,filtered,Found in type1 clones,,,,,
tomcat/java/org/apache/tomcat/util/net/NioEndpoint.java,909,937,tomcat/java/org/apache/tomcat/util/net/NioEndpoint.java,909,937,filtered,Found in type1 clones,,,,,
tomcat/modules/jdbc-pool/src/main/java/org/apache/tomcat/jdbc/pool/PoolProperties.java,636,645,tomcat/modules/jdbc-pool/src/main/java/org/apache/tomcat/jdbc/pool/PoolProperties.java,636,645,filtered,Found in type1 clones,,,,,
tomcat/java/org/apache/jasper/compiler/Generator.java,2452,2462,tomcat/java/org/apache/jasper/compiler/Generator.java,2452,2462,filtered,Found in type1 clones,,,,,
tomcat/java/javax/websocket/CloseReason.java,43,87,tomcat/java/javax/websocket/CloseReason.java,43,87,filtered,Found in type1 clones,,,,,
tomcat/java/org/apache/catalina/core/StandardEngine.java,239,249,tomcat/java/org/apache/catalina/core/StandardEngine.java,239,249,filtered,Found in type1 clones,,,,,
tomcat/java/org/apache/catalina/valves/AbstractAccessLogValve.java,81,136,tomcat/java/org/apache/catalina/valves/AbstractAccessLogValve.java,81,136,filtered,Found in type1 clones,,,,,
tomcat/modules/jdbc-pool/src/main/java/org/apache/tomcat/jdbc/pool/PoolProperties.java,586,595,tomcat/modules/jdbc-pool/src/main/java/org/apache/tomcat/jdbc/pool/PoolProperties.java,586,595,filtered,Found in type1 clones,,,,,
tomcat/java/org/apache/catalina/filters/RemoteIpFilter.java,178,195,tomcat/java/org/apache/catalina/filters/RemoteIpFilter.java,178,195,filtered,Found in type1 clones,,,,,
tomcat/java/org/apache/jasper/compiler/ELFunctionMapper.java,180,195,tomcat/java/org/apache/jasper/compiler/ELFunctionMapper.java,180,195,filtered,Found in type1 clones,,,,,
tomcat/java/org/apache/jasper/compiler/Collector.java,62,104,tomcat/java/org/apache/jasper/compiler/Collector.java,62,104,filtered,Found in type1 clones,,,,,
tomcat/java/org/apache/catalina/servlets/CGIServlet.java,609,620,tomcat/java/org/apache/catalina/servlets/CGIServlet.java,609,620,filtered,Found in type1 clones,,,,,
tomcat/java/javax/servlet/jsp/el/ImplicitObjectELResolver.java,416,426,tomcat/java/javax/servlet/jsp/el/ImplicitObjectELResolver.java,416,426,filtered,Found in type1 clones,,,,,
tomcat/java/org/apache/jasper/compiler/Validator.java,472,500,tomcat/java/org/apache/jasper/compiler/Validator.java,472,500,filtered,Found in type1 clones,,,,,
tomcat/java/org/apache/catalina/tribes/group/GroupChannel.java,418,428,tomcat/java/org/apache/catalina/tribes/group/GroupChannel.java,418,428,filtered,Found in type1 clones,,,,,
tomcat/modules/jdbc-pool/src/main/java/org/apache/tomcat/jdbc/pool/PoolProperties.java,575,585,tomcat/modules/jdbc-pool/src/main/java/org/apache/tomcat/jdbc/pool/PoolProperties.java,575,585,filtered,Found in type1 clones,,,,,
tomcat/java/org/apache/catalina/valves/AbstractAccessLogValve.java,63,80,tomcat/java/org/apache/catalina/valves/AbstractAccessLogValve.java,63,80,filtered,Found in type1 clones,,,,,
tomcat/java/org/apache/jasper/compiler/PageDataImpl.java,73,92,tomcat/java/org/apache/jasper/compiler/PageDataImpl.java,73,92,filtered,Found in type1 clones,,,,,
tomcat/java/org/apache/jasper/compiler/Generator.java,765,785,tomcat/java/org/apache/jasper/compiler/Generator.java,765,785,filtered,Found in type1 clones,,,,,
tomcat/java/org/apache/catalina/tribes/group/AbsoluteOrder.java,28,37,tomcat/java/org/apache/catalina/tribes/group/AbsoluteOrder.java,28,37,filtered,Found in type1 clones,,,,,
tomcat/java/org/apache/tomcat/util/net/Nio2Endpoint.java,915,930,tomcat/java/org/apache/tomcat/util/net/Nio2Endpoint.java,915,930,filtered,Found in type1 clones,,,,,
tomcat/java/org/apache/jasper/compiler/Generator.java,1409,1475,tomcat/java/org/apache/jasper/compiler/Generator.java,1409,1475,filtered,Found in type1 clones,,,,,
tomcat/java/javax/servlet/jsp/el/ImplicitObjectELResolver.java,428,441,tomcat/java/javax/servlet/jsp/el/ImplicitObjectELResolver.java,428,441,filtered,Found in type1 clones,,,,,
tomcat/java/org/apache/jasper/compiler/Generator.java,799,829,tomcat/java/org/apache/jasper/compiler/Generator.java,799,829,filtered,Found in type1 clones,,,,,
tomcat/java/org/apache/tomcat/util/descriptor/tld/TldRuleSet.java,253,265,tomcat/java/org/apache/tomcat/util/descriptor/tld/TldRuleSet.java,253,265,filtered,Found in type1 clones,,,,,
tomcat/java/org/apache/jasper/compiler/Node.java,1030,1041,tomcat/java/org/apache/jasper/compiler/Node.java,1030,1041,filtered,Found in type1 clones,,,,,
tomcat/java/org/apache/tomcat/util/descriptor/tld/TldRuleSet.java,192,221,tomcat/java/org/apache/tomcat/util/descriptor/tld/TldRuleSet.java,192,221,filtered,Found in type1 clones,,,,,
tomcat/java/org/apache/jasper/compiler/Validator.java,584,606,tomcat/java/org/apache/jasper/compiler/Validator.java,584,606,filtered,Found in type1 clones,,,,,
tomcat/modules/jdbc-pool/src/main/java/org/apache/tomcat/jdbc/pool/ConnectionPool.java,801,826,tomcat/modules/jdbc-pool/src/main/java/org/apache/tomcat/jdbc/pool/ConnectionPool.java,801,826,filtered,Found in type1 clones,,,,,
tomcat/java/org/apache/tomcat/util/net/NioBlockingSelector.java,234,283,tomcat/java/org/apache/tomcat/util/net/NioBlockingSelector.java,234,283,filtered,Found in type1 clones,,,,,
tomcat/java/org/apache/jasper/compiler/Generator.java,2968,2989,tomcat/java/org/apache/jasper/compiler/Generator.java,2968,2989,filtered,Found in type1 clones,,,,,
tomcat/java/org/apache/jasper/compiler/JspConfig.java,347,366,tomcat/java/org/apache/jasper/compiler/JspConfig.java,347,366,filtered,Found in type1 clones,,,,,
tomcat/java/org/apache/jasper/compiler/Validator.java,247,277,tomcat/java/org/apache/jasper/compiler/Validator.java,247,277,filtered,Found in type1 clones,,,,,
tomcat/java/org/apache/jasper/compiler/Validator.java,1022,1091,tomcat/java/org/apache/jasper/compiler/Validator.java,1022,1091,filtered,Found in type1 clones,,,,,
tomcat/java/org/apache/juli/AsyncFileHandler.java,94,106,tomcat/java/org/apache/juli/AsyncFileHandler.java,94,106,filtered,Found in type1 clones,,,,,
tomcat/java/org/apache/catalina/authenticator/SpnegoAuthenticator.java,330,341,tomcat/java/org/apache/catalina/authenticator/SpnegoAuthenticator.java,330,341,filtered,Found in type1 clones,,,,,
tomcat/java/org/apache/catalina/tribes/transport/PooledSender.java,98,123,tomcat/java/org/apache/catalina/tribes/transport/PooledSender.java,98,123,filtered,Found in type1 clones,,,,,
tomcat/java/org/apache/catalina/valves/ExtendedAccessLogValve.java,254,294,tomcat/java/org/apache/catalina/valves/ExtendedAccessLogValve.java,254,294,filtered,Found in type1 clones,,,,,
tomcat/java/org/apache/jasper/compiler/Generator.java,1954,1988,tomcat/java/org/apache/jasper/compiler/Generator.java,1954,1988,filtered,Found in type1 clones,,,,,
tomcat/java/org/apache/catalina/tribes/group/RpcChannel.java,187,202,tomcat/java/org/apache/catalina/tribes/group/RpcChannel.java,187,202,filtered,Found in type1 clones,,,,,
tomcat/java/org/apache/catalina/filters/AddDefaultCharsetFilter.java,56,67,tomcat/java/org/apache/catalina/filters/AddDefaultCharsetFilter.java,56,67,filtered,Found in type1 clones,,,,,
tomcat/java/org/apache/catalina/authenticator/SpnegoAuthenticator.java,271,322,tomcat/java/org/apache/catalina/authenticator/SpnegoAuthenticator.java,271,322,filtered,Found in type1 clones,,,,,
tomcat/java/org/apache/el/lang/ExpressionBuilder.java,218,230,tomcat/java/org/apache/el/lang/ExpressionBuilder.java,218,230,filtered,Found in type1 clones,,,,,
tomcat/java/org/apache/jasper/compiler/ELFunctionMapper.java,199,214,tomcat/java/org/apache/jasper/compiler/ELFunctionMapper.java,199,214,filtered,Found in type1 clones,,,,,
tomcat/java/org/apache/jasper/compiler/Generator.java,2042,2094,tomcat/java/org/apache/jasper/compiler/Generator.java,2042,2094,filtered,Found in type1 clones,,,,,
tomcat/java/javax/servlet/jsp/el/ImplicitObjectELResolver.java,163,185,tomcat/java/javax/servlet/jsp/el/ImplicitObjectELResolver.java,163,185,filtered,Found in type1 clones,,,,,
tomcat/java/org/apache/jasper/runtime/JspFactoryImpl.java,98,109,tomcat/java/org/apache/jasper/runtime/JspFactoryImpl.java,98,109,filtered,Found in type1 clones,,,,,
tomcat/java/org/apache/catalina/authenticator/DigestAuthenticator.java,213,238,tomcat/java/org/apache/catalina/authenticator/DigestAuthenticator.java,213,238,filtered,Found in type1 clones,,,,,
tomcat/java/org/apache/catalina/servlets/CGIServlet.java,493,541,tomcat/java/org/apache/catalina/servlets/CGIServlet.java,493,541,filtered,Found in type1 clones,,,,,
tomcat/java/org/apache/jasper/compiler/Generator.java,677,706,tomcat/java/org/apache/jasper/compiler/Generator.java,677,706,filtered,Found in type1 clones,,,,,
tomcat/java/org/apache/jasper/compiler/Node.java,290,302,tomcat/java/org/apache/jasper/compiler/Node.java,290,302,filtered,Found in type1 clones,,,,,
tomcat/java/org/apache/tomcat/util/net/Nio2Endpoint.java,882,913,tomcat/java/org/apache/tomcat/util/net/Nio2Endpoint.java,882,913,filtered,Found in type1 clones,,,,,
tomcat/java/org/apache/tomcat/util/net/Nio2Endpoint.java,561,571,tomcat/java/org/apache/tomcat/util/net/Nio2Endpoint.java,561,571,filtered,Found in type1 clones,,,,,
tomcat/webapps/examples/WEB-INF/classes/async/Stockticker.java,128,138,tomcat/webapps/examples/WEB-INF/classes/async/Stockticker.java,128,138,filtered,Found in type1 clones,,,,,
tomcat/java/org/apache/jasper/compiler/SmapStratum.java,43,61,tomcat/java/org/apache/jasper/compiler/SmapStratum.java,43,61,filtered,Found in type1 clones,,,,,
tomcat/java/org/apache/jasper/compiler/Validator.java,184,240,tomcat/java/org/apache/jasper/compiler/Validator.java,184,240,filtered,Found in type1 clones,,,,,
tomcat/java/org/apache/jasper/compiler/Node.java,1066,1077,tomcat/java/org/apache/jasper/compiler/Node.java,1066,1077,filtered,Found in type1 clones,,,,,
tomcat/java/org/apache/tomcat/util/net/Nio2Endpoint.java,511,521,tomcat/java/org/apache/tomcat/util/net/Nio2Endpoint.java,511,521,filtered,Found in type1 clones,,,,,
tomcat/java/org/apache/tomcat/dbcp/pool2/impl/GenericKeyedObjectPool.java,814,826,tomcat/java/org/apache/tomcat/dbcp/pool2/impl/GenericKeyedObjectPool.java,814,826,filtered,Found in type1 clones,,,,,
tomcat/java/org/apache/tomcat/util/net/NioBlockingSelector.java,190,201,tomcat/java/org/apache/tomcat/util/net/NioBlockingSelector.java,190,201,filtered,Found in type1 clones,,,,,
tomcat/java/org/apache/jasper/compiler/Validator.java,1108,1130,tomcat/java/org/apache/jasper/compiler/Validator.java,1108,1130,filtered,Found in type1 clones,,,,,
tomcat/java/org/apache/catalina/valves/StuckThreadDetectionValve.java,171,181,tomcat/java/org/apache/catalina/valves/StuckThreadDetectionValve.java,171,181,filtered,Found in type1 clones,,,,,
tomcat/java/org/apache/catalina/filters/RemoteIpFilter.java,65,83,tomcat/java/org/apache/catalina/filters/RemoteIpFilter.java,65,83,filtered,Found in type1 clones,,,,,
tomcat/java/org/apache/tomcat/dbcp/pool2/PoolUtils.java,275,284,tomcat/java/org/apache/tomcat/dbcp/pool2/PoolUtils.java,275,284,filtered,Found in type1 clones,,,,,
tomcat/java/javax/servlet/jsp/el/ImplicitObjectELResolver.java,405,414,tomcat/java/javax/servlet/jsp/el/ImplicitObjectELResolver.java,405,414,filtered,Found in type1 clones,,,,,
tomcat/java/org/apache/jasper/compiler/Validator.java,629,689,tomcat/java/org/apache/jasper/compiler/Validator.java,629,689,filtered,Found in type1 clones,,,,,
tomcat/java/org/apache/jasper/compiler/Node.java,1259,1268,tomcat/java/org/apache/jasper/compiler/Node.java,1259,1268,filtered,Found in type1 clones,,,,,
tomcat/java/org/apache/catalina/valves/AbstractAccessLogValve.java,442,460,tomcat/java/org/apache/catalina/valves/AbstractAccessLogValve.java,442,460,filtered,Found in type1 clones,,,,,
tomcat/java/org/apache/tomcat/util/collections/ManagedConcurrentWeakHashMap.java,40,59,tomcat/java/org/apache/tomcat/util/collections/ManagedConcurrentWeakHashMap.java,40,59,filtered,Found in type1 clones,,,,,
tomcat/modules/jdbc-pool/src/main/java/org/apache/tomcat/jdbc/pool/MultiLockFairBlockingQueue.java,260,273,tomcat/modules/jdbc-pool/src/main/java/org/apache/tomcat/jdbc/pool/MultiLockFairBlockingQueue.java,260,273,filtered,Found in type1 clones,,,,,
tomcat/java/org/apache/jasper/compiler/Validator.java,503,533,tomcat/java/org/apache/jasper/compiler/Validator.java,503,533,filtered,Found in type1 clones,,,,,
tomcat/java/org/apache/jasper/compiler/Generator.java,1667,1677,tomcat/java/org/apache/jasper/compiler/Generator.java,1667,1677,filtered,Found in type1 clones,,,,,
tomcat/java/org/apache/tomcat/util/net/NioEndpoint.java,863,876,tomcat/java/org/apache/tomcat/util/net/NioEndpoint.java,863,876,filtered,Found in type1 clones,,,,,
tomcat/java/org/apache/catalina/tribes/util/ExecutorFactory.java,39,50,tomcat/java/org/apache/catalina/tribes/util/ExecutorFactory.java,39,50,filtered,Found in type1 clones,,,,,
tomcat/java/org/apache/el/lang/FunctionMapperImpl.java,50,60,tomcat/java/org/apache/el/lang/FunctionMapperImpl.java,50,60,filtered,Found in type1 clones,,,,,
tomcat/java/javax/el/CompositeELResolver.java,149,165,tomcat/java/javax/el/CompositeELResolver.java,149,165,filtered,Found in type1 clones,,,,,
tomcat/java/org/apache/jasper/xmlparser/XMLEncodingDetector.java,571,592,tomcat/java/org/apache/jasper/xmlparser/XMLEncodingDetector.java,571,592,filtered,Found in type1 clones,,,,,
tomcat/java/org/apache/tomcat/dbcp/pool2/impl/BaseGenericObjectPool.java,419,429,tomcat/java/org/apache/tomcat/dbcp/pool2/impl/BaseGenericObjectPool.java,419,429,filtered,Found in type1 clones,,,,,
tomcat/modules/jdbc-pool/src/main/java/org/apache/tomcat/jdbc/pool/PoolProperties.java,626,635,tomcat/modules/jdbc-pool/src/main/java/org/apache/tomcat/jdbc/pool/PoolProperties.java,626,635,filtered,Found in type1 clones,,,,,
tomcat/modules/jdbc-pool/src/main/java/org/apache/tomcat/jdbc/pool/interceptor/StatementCache.java,256,278,tomcat/modules/jdbc-pool/src/main/java/org/apache/tomcat/jdbc/pool/interceptor/StatementCache.java,256,278,filtered,Found in type1 clones,,,,,
tomcat/java/org/apache/jasper/compiler/Generator.java,3024,3047,tomcat/java/org/apache/jasper/compiler/Generator.java,3024,3047,filtered,Found in type1 clones,,,,,
tomcat/java/org/apache/jasper/compiler/Node.java,1340,1355,tomcat/java/org/apache/jasper/compiler/Node.java,1340,1355,filtered,Found in type1 clones,,,,,
tomcat/java/org/apache/jasper/xmlparser/XMLEncodingDetector.java,594,620,tomcat/java/org/apache/jasper/xmlparser/XMLEncodingDetector.java,594,620,filtered,Found in type1 clones,,,,,
tomcat/java/org/apache/catalina/tribes/transport/PooledSender.java,143,158,tomcat/java/org/apache/catalina/tribes/transport/PooledSender.java,143,158,filtered,Found in type1 clones,,,,,
tomcat/java/org/apache/tomcat/util/collections/CaseInsensitiveKeyMap.java,110,122,tomcat/java/org/apache/tomcat/util/collections/CaseInsensitiveKeyMap.java,110,122,filtered,Found in type1 clones,,,,,
tomcat/java/org/apache/catalina/authenticator/DigestAuthenticator.java,358,372,tomcat/java/org/apache/catalina/authenticator/DigestAuthenticator.java,358,372,filtered,Found in type1 clones,,,,,
tomcat/java/org/apache/catalina/tribes/util/ExecutorFactory.java,68,82,tomcat/java/org/apache/catalina/tribes/util/ExecutorFactory.java,68,82,filtered,Found in type1 clones,,,,,
tomcat/java/javax/servlet/jsp/el/ImplicitObjectELResolver.java,186,218,tomcat/java/javax/servlet/jsp/el/ImplicitObjectELResolver.java,186,218,filtered,Found in type1 clones,,,,,
tomcat/java/org/apache/jasper/compiler/PageDataImpl.java,47,64,tomcat/java/org/apache/jasper/compiler/PageDataImpl.java,47,64,filtered,Found in type1 clones,,,,,
tomcat/java/org/apache/jasper/compiler/Validator.java,1231,1246,tomcat/java/org/apache/jasper/compiler/Validator.java,1231,1246,filtered,Found in type1 clones,,,,,
tomcat/java/org/apache/jasper/compiler/Node.java,862,887,tomcat/java/org/apache/jasper/compiler/Node.java,862,887,filtered,Found in type1 clones,,,,,
tomcat/java/org/apache/jasper/compiler/Generator.java,2394,2451,tomcat/java/org/apache/jasper/compiler/Generator.java,2394,2451,filtered,Found in type1 clones,,,,,
tomcat/java/org/apache/tomcat/dbcp/pool2/PoolUtils.java,370,379,tomcat/java/org/apache/tomcat/dbcp/pool2/PoolUtils.java,370,379,filtered,Found in type1 clones,,,,,
tomcat/java/org/apache/jasper/compiler/Validator.java,404,417,tomcat/java/org/apache/jasper/compiler/Validator.java,404,417,filtered,Found in type1 clones,,,,,
tomcat/java/javax/servlet/jsp/el/ImplicitObjectELResolver.java,262,276,tomcat/java/javax/servlet/jsp/el/ImplicitObjectELResolver.java,262,276,filtered,Found in type1 clones,,,,,
tomcat/java/org/apache/jasper/compiler/Generator.java,3129,3138,tomcat/java/org/apache/jasper/compiler/Generator.java,3129,3138,filtered,Found in type1 clones,,,,,
tomcat/java/org/apache/el/lang/ExpressionBuilder.java,240,249,tomcat/java/org/apache/el/lang/ExpressionBuilder.java,240,249,filtered,Found in type1 clones,,,,,
tomcat/java/org/apache/jasper/compiler/Validator.java,454,470,tomcat/java/org/apache/jasper/compiler/Validator.java,454,470,filtered,Found in type1 clones,,,,,
tomcat/java/org/apache/tomcat/util/net/Nio2Endpoint.java,712,723,tomcat/java/org/apache/tomcat/util/net/Nio2Endpoint.java,712,723,filtered,Found in type1 clones,,,,,
tomcat/java/org/apache/tomcat/util/net/Nio2Endpoint.java,1046,1055,tomcat/java/org/apache/tomcat/util/net/Nio2Endpoint.java,1046,1055,filtered,Found in type1 clones,,,,,
tomcat/java/org/apache/tomcat/util/net/NioEndpoint.java,939,961,tomcat/java/org/apache/tomcat/util/net/NioEndpoint.java,939,961,filtered,Found in type1 clones,,,,,
tomcat/java/org/apache/jasper/compiler/Generator.java,2283,2311,tomcat/java/org/apache/jasper/compiler/Generator.java,2283,2311,filtered,Found in type1 clones,,,,,
tomcat/java/org/apache/jasper/compiler/Generator.java,1363,1407,tomcat/java/org/apache/jasper/compiler/Generator.java,1363,1407,filtered,Found in type1 clones,,,,,
tomcat/modules/jdbc-pool/src/main/java/org/apache/tomcat/jdbc/pool/interceptor/SlowQueryReport.java,311,323,tomcat/modules/jdbc-pool/src/main/java/org/apache/tomcat/jdbc/pool/interceptor/SlowQueryReport.java,311,323,filtered,Found in type1 clones,,,,,
tomcat/java/org/apache/catalina/valves/ExtendedAccessLogValve.java,295,312,tomcat/java/org/apache/catalina/valves/ExtendedAccessLogValve.java,295,312,filtered,Found in type1 clones,,,,,
tomcat/java/org/apache/naming/factory/DataSourceLinkFactory.java,73,90,tomcat/java/org/apache/naming/factory/DataSourceLinkFactory.java,73,90,filtered,Found in type1 clones,,,,,
tomcat/java/org/apache/tomcat/util/http/fileupload/FileUploadBase.java,460,472,tomcat/java/org/apache/tomcat/util/http/fileupload/FileUploadBase.java,460,472,filtered,Found in type1 clones,,,,,
tomcat/java/org/apache/jasper/compiler/Node.java,1078,1096,tomcat/java/org/apache/jasper/compiler/Node.java,1078,1096,filtered,Found in type1 clones,,,,,
tomcat/java/org/apache/jasper/compiler/PageDataImpl.java,308,354,tomcat/java/org/apache/jasper/compiler/PageDataImpl.java,308,354,filtered,Found in type1 clones,,,,,
tomcat/java/org/apache/jasper/compiler/Validator.java,691,727,tomcat/java/org/apache/jasper/compiler/Validator.java,691,727,filtered,Found in type1 clones,,,,,
tomcat/java/org/apache/coyote/http2/HpackEncoder.java,255,264,tomcat/java/org/apache/coyote/http2/HpackEncoder.java,255,264,filtered,Found in type1 clones,,,,,
tomcat/java/javax/servlet/jsp/el/ImplicitObjectELResolver.java,319,333,tomcat/java/javax/servlet/jsp/el/ImplicitObjectELResolver.java,319,333,filtered,Found in type1 clones,,,,,
tomcat/java/org/apache/jasper/compiler/PageDataImpl.java,355,364,tomcat/java/org/apache/jasper/compiler/PageDataImpl.java,355,364,filtered,Found in type1 clones,,,,,
tomcat/java/org/apache/tomcat/dbcp/pool2/PoolUtils.java,327,336,tomcat/java/org/apache/tomcat/dbcp/pool2/PoolUtils.java,327,336,filtered,Found in type1 clones,,,,,
tomcat/java/org/apache/jasper/compiler/Generator.java,635,646,tomcat/java/org/apache/jasper/compiler/Generator.java,635,646,filtered,Found in type1 clones,,,,,
tomcat/java/org/apache/catalina/core/ApplicationHttpRequest.java,467,476,tomcat/java/org/apache/catalina/core/ApplicationHttpRequest.java,467,476,filtered,Found in type1 clones,,,,,
tomcat/java/org/apache/jasper/xmlparser/XMLEncodingDetector.java,647,656,tomcat/java/org/apache/jasper/xmlparser/XMLEncodingDetector.java,647,656,filtered,Found in type1 clones,,,,,
tomcat/java/org/apache/juli/OneLineFormatter.java,22,31,tomcat/java/org/apache/juli/OneLineFormatter.java,22,31,filtered,inner class generates the same method after decompiled,,,,,
tomcat/java/org/apache/catalina/filters/CsrfPreventionFilter.java,130,141,tomcat/java/org/apache/catalina/filters/CsrfPreventionFilter.java,130,141,filtered,inner class generates the same method after decompiled,,,,,
tomcat/java/javax/el/Util.java,105,117,tomcat/java/javax/el/ExpressionFactory.java,156,168,filtered,similar equals() methods,,,,,
tomcat/webapps/examples/WEB-INF/classes/websocket/snake/Location.java,25,40,tomcat/java/org/apache/coyote/http2/HPackHuffman.java,447,462,filtered,similar equals() methods,,,,,
tomcat/java/org/apache/el/util/ConcurrentCache.java,14,25,tomcat/java/javax/el/BeanELResolver.java,281,292,filtered,Found in type2 cloness,,,,,
tomcat/java/org/apache/catalina/tribes/tipis/AbstractReplicatedMap.java,1256,1265,tomcat/java/org/apache/catalina/tribes/tipis/AbstractReplicatedMap.java,1266,1275,filtered,Found in type2 cloness,,,,,
tomcat/java/org/apache/catalina/tribes/tipis/AbstractReplicatedMap.java,1206,1216,tomcat/java/org/apache/catalina/tribes/tipis/AbstractReplicatedMap.java,1227,1237,filtered,Found in type2 cloness,,,,,
tomcat/java/org/apache/tomcat/util/collections/ConcurrentCache.java,14,25,tomcat/java/javax/el/BeanELResolver.java,281,292,filtered,Found in type2 cloness,,,,,
tomcat/java/org/apache/catalina/valves/StuckThreadDetectionValve.java,216,240,tomcat/java/org/apache/catalina/valves/StuckThreadDetectionValve.java,216,240,filtered,inner class generates the same method after decompiled,,,,,
tomcat/java/org/apache/catalina/realm/LockOutRealm.java,27,39,tomcat/java/org/apache/catalina/realm/LockOutRealm.java,27,39,filtered,inner class generates the same method after decompiled,,,,,
tomcat/java/org/apache/tomcat/util/net/NioEndpoint.java,1031,1043,tomcat/java/org/apache/tomcat/util/net/NioEndpoint.java,1031,1043,filtered,inner class generates the same method after decompiled,,,,,
tomcat/java/org/apache/tomcat/util/http/fileupload/MultipartStream.java,320,339,tomcat/java/org/apache/tomcat/util/http/fileupload/MultipartStream.java,320,339,filtered,inner class generates the same method after decompiled,,,,,
tomcat/java/org/apache/jasper/compiler/Generator.java,647,676,tomcat/java/org/apache/jasper/compiler/Generator.java,647,676,filtered,inner class generates the same method after decompiled,,,,,
tomcat/java/org/apache/tomcat/util/http/fileupload/MultipartStream.java,366,380,tomcat/java/org/apache/tomcat/util/http/fileupload/MultipartStream.java,366,380,filtered,inner class generates the same method after decompiled,,,,,
tomcat/java/org/apache/tomcat/util/net/NioEndpoint.java,607,698,tomcat/java/org/apache/tomcat/util/net/NioEndpoint.java,607,698,filtered,inner class generates the same method after decompiled,,,,,
tomcat/java/org/apache/tomcat/util/net/SecureNio2Channel.java,619,671,tomcat/java/org/apache/tomcat/util/net/SecureNio2Channel.java,619,671,filtered,inner class generates the same method after decompiled,,,,,
tomcat/java/org/apache/tomcat/util/net/NioEndpoint.java,1054,1110,tomcat/java/org/apache/tomcat/util/net/NioEndpoint.java,1054,1110,filtered,inner class generates the same method after decompiled,,,,,
tomcat/java/org/apache/tomcat/util/http/fileupload/FileUploadBase.java,247,285,tomcat/java/org/apache/tomcat/util/http/fileupload/FileUploadBase.java,247,285,filtered,inner class generates the same method after decompiled,,,,,
tomcat/java/org/apache/tomcat/util/net/NioBlockingSelector.java,379,387,tomcat/java/org/apache/tomcat/util/net/NioBlockingSelector.java,379,387,filtered,inner class generates the same method after decompiled,,,,,
tomcat/java/org/apache/jasper/servlet/TldScanner.java,178,209,tomcat/java/org/apache/jasper/servlet/TldScanner.java,178,209,filtered,inner class generates the same method after decompiled,,,,,
tomcat/java/org/apache/catalina/valves/AbstractAccessLogValve.java,597,610,tomcat/java/org/apache/catalina/valves/AbstractAccessLogValve.java,597,610,filtered,inner class generates the same method after decompiled,,,,,
tomcat/java/org/apache/tomcat/util/net/Nio2Endpoint.java,1163,1176,tomcat/java/org/apache/tomcat/util/net/Nio2Endpoint.java,1163,1176,filtered,inner class generates the same method after decompiled,,,,,
tomcat/java/org/apache/tomcat/util/net/Nio2Endpoint.java,428,573,tomcat/java/org/apache/tomcat/util/net/Nio2Endpoint.java,428,573,filtered,inner class generates the same method after decompiled,,,,,
tomcat/java/org/apache/catalina/servlets/CGIServlet.java,791,811,tomcat/java/org/apache/catalina/servlets/CGIServlet.java,791,811,filtered,inner class generates the same method after decompiled,,,,,
tomcat/modules/jdbc-pool/src/main/java/org/apache/tomcat/jdbc/pool/ConnectionPool.java,895,904,tomcat/modules/jdbc-pool/src/main/java/org/apache/tomcat/jdbc/pool/ConnectionPool.java,895,904,filtered,inner class generates the same method after decompiled,,,,,
tomcat/java/org/apache/el/stream/Stream.java,23,33,tomcat/java/org/apache/el/stream/Stream.java,23,33,filtered,inner class generates the same method after decompiled,,,,,
tomcat/java/org/apache/tomcat/util/net/Nio2Endpoint.java,1236,1248,tomcat/java/org/apache/tomcat/util/net/Nio2Endpoint.java,1236,1248,filtered,inner class generates the same method after decompiled,,,,,
tomcat/java/org/apache/tomcat/util/net/Nio2Endpoint.java,608,649,tomcat/java/org/apache/tomcat/util/net/Nio2Endpoint.java,608,649,filtered,inner class generates the same method after decompiled,,,,,
tomcat/java/org/apache/tomcat/util/http/fileupload/MultipartStream.java,242,256,tomcat/java/org/apache/tomcat/util/http/fileupload/MultipartStream.java,242,256,filtered,inner class generates the same method after decompiled,,,,,
tomcat/java/org/apache/catalina/tribes/group/interceptors/TcpPingInterceptor.java,136,146,tomcat/java/org/apache/catalina/tribes/group/interceptors/TcpPingInterceptor.java,136,146,filtered,inner class generates the same method after decompiled,,,,,
tomcat/java/org/apache/catalina/core/StandardEngine.java,274,285,tomcat/java/org/apache/catalina/core/StandardEngine.java,274,285,filtered,inner class generates the same method after decompiled,,,,,
tomcat/java/org/apache/tomcat/websocket/pojo/PojoMethodMapping.java,201,210,tomcat/java/org/apache/tomcat/websocket/pojo/PojoMethodMapping.java,201,210,filtered,inner class generates the same method after decompiled,,,,,
tomcat/java/org/apache/coyote/http2/Stream.java,382,406,tomcat/java/org/apache/coyote/http2/Stream.java,382,406,filtered,inner class generates the same method after decompiled,,,,,
tomcat/java/org/apache/tomcat/websocket/WsFrameClient.java,73,89,tomcat/java/org/apache/tomcat/websocket/WsFrameClient.java,73,89,filtered,inner class generates the same method after decompiled,,,,,
tomcat/java/org/apache/tomcat/util/net/NioEndpoint.java,471,522,tomcat/java/org/apache/tomcat/util/net/NioEndpoint.java,471,522,filtered,inner class generates the same method after decompiled,,,,,
tomcat/java/org/apache/catalina/servlets/CGIServlet.java,291,341,tomcat/java/org/apache/catalina/servlets/CGIServlet.java,291,341,filtered,inner class generates the same method after decompiled,,,,,
tomcat/java/org/apache/tomcat/util/net/openssl/OpenSSLEngine.java,848,858,tomcat/java/org/apache/tomcat/util/net/openssl/OpenSSLEngine.java,848,858,filtered,inner class generates the same method after decompiled,,,,,
tomcat/java/org/apache/jasper/compiler/Validator.java,1183,1211,tomcat/java/org/apache/jasper/compiler/Validator.java,1183,1211,filtered,inner class generates the same method after decompiled,,,,,
tomcat/java/org/apache/jasper/compiler/Generator.java,1910,1953,tomcat/java/org/apache/jasper/compiler/Generator.java,1910,1953,filtered,inner class generates the same method after decompiled,,,,,
tomcat/java/org/apache/catalina/tribes/membership/McastServiceImpl.java,470,485,tomcat/java/org/apache/catalina/tribes/membership/McastServiceImpl.java,470,485,filtered,inner class generates the same method after decompiled,,,,,
tomcat/java/org/apache/coyote/http2/Stream.java,545,555,tomcat/java/org/apache/coyote/http2/Stream.java,545,555,filtered,inner class generates the same method after decompiled,,,,,
tomcat/java/org/apache/jasper/compiler/ELFunctionMapper.java,100,179,tomcat/java/org/apache/jasper/compiler/ELFunctionMapper.java,100,179,filtered,inner class generates the same method after decompiled,,,,,
tomcat/java/org/apache/jasper/servlet/TldScanner.java,211,262,tomcat/java/org/apache/jasper/servlet/TldScanner.java,211,262,filtered,inner class generates the same method after decompiled,,,,,
tomcat/java/org/apache/coyote/http2/Stream.java,410,442,tomcat/java/org/apache/coyote/http2/Stream.java,410,442,filtered,inner class generates the same method after decompiled,,,,,
tomcat/java/org/apache/jasper/compiler/Generator.java,831,866,tomcat/java/org/apache/jasper/compiler/Generator.java,831,866,filtered,inner class generates the same method after decompiled,,,,,
tomcat/java/org/apache/coyote/http2/Stream.java,468,504,tomcat/java/org/apache/coyote/http2/Stream.java,468,504,filtered,inner class generates the same method after decompiled,,,,,
tomcat/java/org/apache/jasper/compiler/Generator.java,2159,2282,tomcat/java/org/apache/jasper/compiler/Generator.java,2159,2282,filtered,inner class generates the same method after decompiled,,,,,
tomcat/modules/jdbc-pool/src/main/java/org/apache/tomcat/jdbc/pool/interceptor/AbstractQueryReport.java,96,140,tomcat/modules/jdbc-pool/src/main/java/org/apache/tomcat/jdbc/pool/interceptor/AbstractQueryReport.java,96,140,filtered,inner class generates the same method after decompiled,,,,,
tomcat/java/org/apache/catalina/ha/context/ReplicatedContext.java,114,127,tomcat/java/org/apache/catalina/ha/context/ReplicatedContext.java,114,127,filtered,inner class generates the same method after decompiled,,,,,
tomcat/java/org/apache/tomcat/util/net/Nio2Endpoint.java,1273,1345,tomcat/java/org/apache/tomcat/util/net/Nio2Endpoint.java,1273,1345,filtered,inner class generates the same method after decompiled,,,,,
tomcat/java/org/apache/tomcat/util/net/NioEndpoint.java,261,306,tomcat/java/org/apache/tomcat/util/net/NioEndpoint.java,261,306,filtered,inner class generates the same method after decompiled,,,,,
tomcat/webapps/examples/WEB-INF/classes/websocket/drawboard/DrawboardEndpoint.java,92,128,tomcat/webapps/examples/WEB-INF/classes/websocket/drawboard/DrawboardEndpoint.java,92,128,filtered,inner class generates the same method after decompiled,,,,,
tomcat/java/org/apache/catalina/servlets/CGIServlet.java,426,491,tomcat/java/org/apache/catalina/servlets/CGIServlet.java,426,491,filtered,inner class generates the same method after decompiled,,,,,
tomcat/java/org/apache/catalina/tribes/membership/McastServiceImpl.java,499,508,tomcat/java/org/apache/catalina/tribes/membership/McastServiceImpl.java,499,508,filtered,inner class generates the same method after decompiled,,,,,
tomcat/java/org/apache/catalina/servlets/CGIServlet.java,776,790,tomcat/java/org/apache/catalina/servlets/CGIServlet.java,776,790,filtered,inner class generates the same method after decompiled,,,,,
tomcat/java/org/apache/tomcat/util/collections/ManagedConcurrentWeakHashMap.java,159,192,tomcat/java/org/apache/tomcat/util/collections/ManagedConcurrentWeakHashMap.java,159,192,filtered,inner class generates the same method after decompiled,,,,,
tomcat/java/org/apache/catalina/ssi/ExpressionParseTree.java,209,229,tomcat/java/org/apache/catalina/ssi/ExpressionParseTree.java,209,229,filtered,inner class generates the same method after decompiled,,,,,
tomcat/java/org/apache/tomcat/util/net/Nio2Endpoint.java,1190,1200,tomcat/java/org/apache/tomcat/util/net/Nio2Endpoint.java,1190,1200,filtered,inner class generates the same method after decompiled,,,,,
tomcat/java/org/apache/catalina/servlets/CGIServlet.java,760,775,tomcat/java/org/apache/catalina/servlets/CGIServlet.java,760,775,filtered,inner class generates the same method after decompiled,,,,,
tomcat/java/org/apache/catalina/servlets/CGIServlet.java,621,759,tomcat/java/org/apache/catalina/servlets/CGIServlet.java,621,759,filtered,inner class generates the same method after decompiled,,,,,
tomcat/java/org/apache/tomcat/util/net/Nio2Endpoint.java,1202,1212,tomcat/java/org/apache/tomcat/util/net/Nio2Endpoint.java,1202,1212,filtered,inner class generates the same method after decompiled,,,,,
tomcat/java/org/apache/tomcat/dbcp/pool2/impl/BaseGenericObjectPool.java,358,385,tomcat/java/org/apache/tomcat/dbcp/pool2/impl/BaseGenericObjectPool.java,358,385,filtered,inner class generates the same method after decompiled,,,,,
tomcat/java/org/apache/tomcat/util/http/fileupload/FileUploadBase.java,333,388,tomcat/java/org/apache/tomcat/util/http/fileupload/FileUploadBase.java,333,388,filtered,inner class generates the same method after decompiled,,,,,
tomcat/java/org/apache/tomcat/util/net/Nio2Endpoint.java,1178,1188,tomcat/java/org/apache/tomcat/util/net/Nio2Endpoint.java,1178,1188,filtered,inner class generates the same method after decompiled,,,,,
tomcat/modules/jdbc-pool/src/main/java/org/apache/tomcat/jdbc/pool/PoolProperties.java,523,546,tomcat/modules/jdbc-pool/src/main/java/org/apache/tomcat/jdbc/pool/PoolProperties.java,523,546,filtered,inner class generates the same method after decompiled,,,,,
tomcat/java/org/apache/jasper/compiler/Generator.java,1703,1791,tomcat/java/org/apache/jasper/compiler/Generator.java,1703,1791,filtered,inner class generates the same method after decompiled,,,,,
tomcat/java/javax/el/ELProcessor.java,140,255,tomcat/java/javax/el/ELProcessor.java,140,255,filtered,inner class generates the same method after decompiled,,,,,
tomcat/modules/jdbc-pool/src/main/java/org/apache/tomcat/jdbc/pool/MultiLockFairBlockingQueue.java,300,315,tomcat/modules/jdbc-pool/src/main/java/org/apache/tomcat/jdbc/pool/MultiLockFairBlockingQueue.java,300,315,filtered,inner class generates the same method after decompiled,,,,,
tomcat/java/org/apache/catalina/tribes/membership/McastServiceImpl.java,248,256,tomcat/java/org/apache/catalina/tribes/membership/McastServiceImpl.java,248,256,filtered,inner class generates the same method after decompiled,,,,,
tomcat/java/org/apache/coyote/ajp/AjpProcessor.java,846,866,tomcat/java/org/apache/coyote/ajp/AjpProcessor.java,846,866,filtered,inner class generates the same method after decompiled,,,,,
tomcat/java/org/apache/jasper/servlet/TldScanner.java,264,278,tomcat/java/org/apache/jasper/servlet/TldScanner.java,264,278,filtered,inner class generates the same method after decompiled,,,,,
tomcat/java/org/apache/tomcat/websocket/pojo/PojoMethodMapping.java,310,512,tomcat/java/org/apache/tomcat/websocket/pojo/PojoMethodMapping.java,310,512,filtered,inner class generates the same method after decompiled,,,,,
tomcat/java/org/apache/tomcat/util/net/Nio2Endpoint.java,1214,1224,tomcat/java/org/apache/tomcat/util/net/Nio2Endpoint.java,1214,1224,filtered,inner class generates the same method after decompiled,,,,,
tomcat/modules/jdbc-pool/src/main/java/org/apache/tomcat/jdbc/pool/ConnectionPool.java,836,844,tomcat/modules/jdbc-pool/src/main/java/org/apache/tomcat/jdbc/pool/ConnectionPool.java,836,844,filtered,inner class generates the same method after decompiled,,,,,
tomcat/java/org/apache/tomcat/util/net/NioEndpoint.java,706,761,tomcat/java/org/apache/tomcat/util/net/NioEndpoint.java,706,761,filtered,inner class generates the same method after decompiled,,,,,
tomcat/java/org/apache/tomcat/util/net/Nio2Endpoint.java,122,132,tomcat/java/org/apache/tomcat/util/net/Nio2Endpoint.java,122,132,filtered,inner class generates the same method after decompiled,,,,,
tomcat/java/org/apache/tomcat/util/http/fileupload/MultipartStream.java,344,364,tomcat/java/org/apache/tomcat/util/http/fileupload/MultipartStream.java,344,364,filtered,inner class generates the same method after decompiled,,,,,
tomcat/java/org/apache/jasper/compiler/Generator.java,1074,1234,tomcat/java/org/apache/jasper/compiler/Generator.java,1074,1234,filtered,inner class generates the same method after decompiled,,,,,
tomcat/java/org/apache/catalina/valves/StuckThreadDetectionValve.java,198,212,tomcat/java/org/apache/catalina/valves/StuckThreadDetectionValve.java,198,212,filtered,inner class generates the same method after decompiled,,,,,
tomcat/java/org/apache/jasper/compiler/ScriptingVariabler.java,38,97,tomcat/java/org/apache/jasper/compiler/ScriptingVariabler.java,38,97,filtered,inner class generates the same method after decompiled,,,,,
tomcat/java/org/apache/tomcat/util/net/NioEndpoint.java,434,450,tomcat/java/org/apache/tomcat/util/net/NioEndpoint.java,434,450,filtered,inner class generates the same method after decompiled,,,,,
tomcat/java/org/apache/catalina/servlets/CGIServlet.java,250,290,tomcat/java/org/apache/catalina/servlets/CGIServlet.java,250,290,filtered,inner class generates the same method after decompiled,,,,,
tomcat/java/org/apache/tomcat/util/net/openssl/OpenSSLEngine.java,917,938,tomcat/java/org/apache/tomcat/util/net/openssl/OpenSSLEngine.java,917,938,filtered,inner class generates the same method after decompiled,,,,,
tomcat/java/org/apache/jasper/compiler/Generator.java,1596,1631,tomcat/java/org/apache/jasper/compiler/Generator.java,1596,1631,filtered,inner class generates the same method after decompiled,,,,,
tomcat/java/org/apache/tomcat/util/net/openssl/OpenSSLEngine.java,873,911,tomcat/java/org/apache/tomcat/util/net/openssl/OpenSSLEngine.java,873,911,filtered,inner class generates the same method after decompiled,,,,,
tomcat/java/org/apache/tomcat/util/net/NioEndpoint.java,571,606,tomcat/java/org/apache/tomcat/util/net/NioEndpoint.java,571,606,filtered,inner class generates the same method after decompiled,,,,,
tomcat/java/org/apache/tomcat/util/net/SSLHostConfig.java,475,495,tomcat/java/org/apache/tomcat/util/net/SSLHostConfig.java,475,495,filtered,inner class generates the same method after decompiled,,,,,
tomcat/java/org/apache/jasper/compiler/Validator.java,1296,1330,tomcat/java/org/apache/jasper/compiler/Validator.java,1296,1330,filtered,inner class generates the same method after decompiled,,,,,
tomcat/java/org/apache/tomcat/util/net/NioEndpoint.java,451,470,tomcat/java/org/apache/tomcat/util/net/NioEndpoint.java,451,470,filtered,inner class generates the same method after decompiled,,,,,
tomcat/java/org/apache/jasper/compiler/Generator.java,3106,3128,tomcat/java/org/apache/jasper/compiler/Generator.java,3106,3128,filtered,inner class generates the same method after decompiled,,,,,
tomcat/java/org/apache/jasper/compiler/Generator.java,1678,1693,tomcat/java/org/apache/jasper/compiler/Generator.java,1678,1693,filtered,inner class generates the same method after decompiled,,,,,
tomcat/java/org/apache/catalina/core/StandardEngine.java,251,262,tomcat/java/org/apache/catalina/core/StandardEngine.java,251,262,filtered,inner class generates the same method after decompiled,,,,,
tomcat/java/org/apache/tomcat/util/net/openssl/OpenSSLEngine.java,820,836,tomcat/java/org/apache/tomcat/util/net/openssl/OpenSSLEngine.java,820,836,filtered,inner class generates the same method after decompiled,,,,,
tomcat/java/org/apache/jasper/compiler/Generator.java,1821,1909,tomcat/java/org/apache/jasper/compiler/Generator.java,1821,1909,filtered,inner class generates the same method after decompiled,,,,,
tomcat/java/org/apache/tomcat/util/http/fileupload/MultipartStream.java,305,318,tomcat/java/org/apache/tomcat/util/http/fileupload/MultipartStream.java,305,318,filtered,inner class generates the same method after decompiled,,,,,
tomcat/java/org/apache/tomcat/util/net/Nio2Endpoint.java,651,690,tomcat/java/org/apache/tomcat/util/net/Nio2Endpoint.java,651,690,filtered,inner class generates the same method after decompiled,,,,,
tomcat/java/org/apache/catalina/authenticator/DigestAuthenticator.java,168,182,tomcat/java/org/apache/catalina/authenticator/DigestAuthenticator.java,168,182,filtered,inner class generates the same method after decompiled,,,,,
tomcat/webapps/examples/WEB-INF/classes/websocket/snake/Location.java,25,40,tomcat/java/org/apache/tomcat/util/descriptor/tld/TldResourcePath.java,52,63,filtered,similar equals() methods,,,,,
tomcat/java/org/apache/tomcat/util/descriptor/tld/TldResourcePath.java,52,63,tomcat/java/org/apache/coyote/http2/HPackHuffman.java,447,462,filtered,similar equals() methods,,,,,
tomcat/java/org/apache/catalina/core/StandardContext.java,2104,2113,tomcat/java/org/apache/catalina/core/StandardContext.java,2114,2127,filtered,similar getter,,,,,
tomcat/java/org/apache/catalina/core/StandardContext.java,2128,2141,tomcat/java/org/apache/catalina/core/StandardContext.java,2142,2151,filtered,similar getter,,,,,
tomcat/java/org/apache/catalina/core/StandardContext.java,2114,2127,tomcat/java/org/apache/catalina/core/StandardContext.java,2142,2151,filtered,similar getter,,,,,
tomcat/java/org/apache/catalina/core/StandardContext.java,2128,2141,tomcat/java/org/apache/catalina/core/StandardContext.java,2152,2161,filtered,similar getter,,,,,
tomcat/java/org/apache/catalina/core/StandardContext.java,2114,2127,tomcat/java/org/apache/catalina/core/StandardContext.java,2152,2161,filtered,similar getter,,,,,
tomcat/java/org/apache/catalina/core/StandardContext.java,2104,2113,tomcat/java/org/apache/catalina/core/StandardContext.java,2128,2141,filtered,similar getter,,,,,
tomcat/java/org/apache/tomcat/util/descriptor/web/ResourceBase.java,55,67,tomcat/java/org/apache/tomcat/dbcp/dbcp2/PStmtKey.java,112,122,filtered,similar hashCode() and equals(),,,,,
tomcat/java/org/apache/catalina/core/ApplicationFilterFactory.java,77,91,tomcat/java/org/apache/catalina/core/ApplicationFilterFactory.java,126,141,,TP,,,,,
tomcat/java/org/apache/catalina/core/StandardContext.java,3218,3227,tomcat/java/org/apache/catalina/core/StandardContext.java,3234,3243,,TP,,,,,
tomcat/java/org/apache/el/parser/AstOr.java,9,19,tomcat/java/org/apache/el/parser/AstAnd.java,9,19,,TP,,,,,
tomcat/java/org/apache/el/parser/ELParser.java,104,143,tomcat/java/org/apache/el/parser/ELParser.java,2008,2047,,TP,,,,,
tomcat/java/org/apache/el/parser/ELParser.java,144,183,tomcat/java/org/apache/el/parser/ELParser.java,2008,2047,,TP,,,,,
tomcat/java/org/apache/el/parser/ELParser.java,1634,1673,tomcat/java/org/apache/el/parser/ELParser.java,2008,2047,,TP,,,,,
tomcat/java/org/apache/jasper/runtime/JspRuntimeLibrary.java,472,483,tomcat/java/org/apache/jasper/runtime/JspRuntimeLibrary.java,484,495,,TP,,,,,
tomcat/java/org/apache/jasper/runtime/JspRuntimeLibrary.java,472,483,tomcat/java/org/apache/jasper/runtime/JspRuntimeLibrary.java,496,507,,TP,,,,,
tomcat/java/org/apache/jasper/runtime/JspRuntimeLibrary.java,472,483,tomcat/java/org/apache/jasper/runtime/JspRuntimeLibrary.java,508,519,,TP,,,,,
tomcat/java/org/apache/jasper/runtime/JspRuntimeLibrary.java,472,483,tomcat/java/org/apache/jasper/runtime/JspRuntimeLibrary.java,520,531,,TP,,,,,
tomcat/java/org/apache/jasper/runtime/JspRuntimeLibrary.java,472,483,tomcat/java/org/apache/jasper/runtime/JspRuntimeLibrary.java,532,543,,TP,,,,,
tomcat/java/org/apache/jasper/runtime/JspRuntimeLibrary.java,472,483,tomcat/java/org/apache/jasper/runtime/JspRuntimeLibrary.java,544,555,,TP,,,,,
tomcat/java/org/apache/jasper/runtime/JspRuntimeLibrary.java,472,483,tomcat/java/org/apache/jasper/runtime/JspRuntimeLibrary.java,556,567,,TP,,,,,
tomcat/java/org/apache/jasper/runtime/JspRuntimeLibrary.java,472,483,tomcat/java/org/apache/jasper/runtime/JspRuntimeLibrary.java,568,579,,TP,,,,,
tomcat/java/org/apache/naming/NamingContext.java,129,147,tomcat/java/org/apache/naming/NamingContext.java,154,172,,TP,,,,,
tomcat/java/org/apache/tomcat/dbcp/dbcp2/datasources/InstanceKeyDataSource.java,208,220,tomcat/java/org/apache/tomcat/dbcp/dbcp2/datasources/InstanceKeyDataSource.java,224,238,,TP,,,,,
tomcat/java/org/apache/tomcat/util/net/AprEndpoint.java,1753,1764,tomcat/java/org/apache/tomcat/util/net/AprEndpoint.java,1796,1807,,TP,,,,,
tomcat/java/org/apache/tomcat/util/net/AprEndpoint.java,1753,1764,tomcat/java/org/apache/tomcat/util/net/AprEndpoint.java,1809,1820,,TP,,,,,
tomcat/java/org/apache/tomcat/util/net/AprEndpoint.java,1782,1794,tomcat/java/org/apache/tomcat/util/net/AprEndpoint.java,1822,1834,,TP,,,,,
tomcat/java/org/apache/tomcat/util/net/AprEndpoint.java,1796,1807,tomcat/java/org/apache/tomcat/util/net/AprEndpoint.java,1809,1820,,TP,,,,,
tomcat/java/org/apache/tomcat/util/net/NioEndpoint.java,863,876,tomcat/java/org/apache/tomcat/util/net/AprEndpoint.java,1470,1482,,TP,,,,,
tomcat/java/org/apache/tomcat/websocket/WsRemoteEndpointImplBase.java,717,742,tomcat/java/org/apache/tomcat/websocket/WsRemoteEndpointImplBase.java,782,807,,TP,,,,,
tomcat/modules/jdbc-pool/src/main/java/org/apache/tomcat/jdbc/pool/interceptor/SlowQueryReport.java,55,64,tomcat/modules/jdbc-pool/src/main/java/org/apache/tomcat/jdbc/pool/interceptor/SlowQueryReport.java,66,78,,TP,,,,,