tomcat/java/javax/el/ListELResolver.java,99,114,tomcat/java/javax/el/ArrayELResolver.java,92,107
tomcat/java/org/apache/el/util/ConcurrentCache.java,14,25,tomcat/java/javax/el/BeanELResolver.java,281,292
tomcat/java/org/apache/tomcat/util/collections/ConcurrentCache.java,14,25,tomcat/java/javax/el/BeanELResolver.java,281,292
tomcat/java/org/apache/tomcat/util/collections/ConcurrentCache.java,14,25,tomcat/java/org/apache/el/util/ConcurrentCache.java,14,25
tomcat/java/javax/el/CompositeELResolver.java,148,165,tomcat/java/javax/el/CompositeELResolver.java,148,165
tomcat/java/javax/el/Util.java,104,117,tomcat/java/javax/el/ExpressionFactory.java,155,168
tomcat/java/javax/el/Util.java,104,117,tomcat/java/javax/el/ExpressionFactory.java,155,168
tomcat/java/javax/el/Util.java,104,117,tomcat/java/javax/el/Util.java,104,117
tomcat/java/javax/el/Util.java,561,574,tomcat/java/javax/el/Util.java,561,574
tomcat/java/org/apache/el/util/ReflectionUtil.java,338,351,tomcat/java/javax/el/Util.java,561,574
tomcat/java/org/apache/el/util/ReflectionUtil.java,338,351,tomcat/java/javax/el/Util.java,561,574
tomcat/java/org/apache/el/util/ReflectionUtil.java,338,351,tomcat/java/javax/el/Util.java,561,574
tomcat/java/org/apache/el/util/ReflectionUtil.java,338,351,tomcat/java/javax/el/Util.java,561,574
tomcat/java/org/apache/el/util/ReflectionUtil.java,338,351,tomcat/java/org/apache/el/util/ReflectionUtil.java,338,351
tomcat/java/org/apache/el/util/ReflectionUtil.java,298,314,tomcat/java/javax/el/Util.java,258,274
tomcat/java/org/apache/el/util/ReflectionUtil.java,186,232,tomcat/java/javax/el/Util.java,275,321
tomcat/java/javax/servlet/jsp/el/ImplicitObjectELResolver.java,163,185,tomcat/java/javax/servlet/jsp/el/ImplicitObjectELResolver.java,163,185
tomcat/java/javax/servlet/jsp/el/ImplicitObjectELResolver.java,163,185,tomcat/java/javax/servlet/jsp/el/ImplicitObjectELResolver.java,334,356
tomcat/java/javax/servlet/jsp/el/ImplicitObjectELResolver.java,163,185,tomcat/java/javax/servlet/jsp/el/ImplicitObjectELResolver.java,334,356
tomcat/java/javax/servlet/jsp/el/ImplicitObjectELResolver.java,163,185,tomcat/java/javax/servlet/jsp/el/ImplicitObjectELResolver.java,334,356
tomcat/java/javax/servlet/jsp/el/ImplicitObjectELResolver.java,163,185,tomcat/java/javax/servlet/jsp/el/ImplicitObjectELResolver.java,334,356
tomcat/java/javax/servlet/jsp/el/ImplicitObjectELResolver.java,334,356,tomcat/java/javax/servlet/jsp/el/ImplicitObjectELResolver.java,334,356
tomcat/java/javax/servlet/jsp/el/ImplicitObjectELResolver.java,186,218,tomcat/java/javax/servlet/jsp/el/ImplicitObjectELResolver.java,186,218
tomcat/java/javax/servlet/jsp/el/ImplicitObjectELResolver.java,219,235,tomcat/java/javax/servlet/jsp/el/ImplicitObjectELResolver.java,219,235
tomcat/java/javax/servlet/jsp/el/ImplicitObjectELResolver.java,236,261,tomcat/java/javax/servlet/jsp/el/ImplicitObjectELResolver.java,236,261
tomcat/java/javax/servlet/jsp/el/ImplicitObjectELResolver.java,262,276,tomcat/java/javax/servlet/jsp/el/ImplicitObjectELResolver.java,262,276
tomcat/java/javax/servlet/jsp/el/ImplicitObjectELResolver.java,262,276,tomcat/java/javax/servlet/jsp/el/ImplicitObjectELResolver.java,304,318
tomcat/java/javax/servlet/jsp/el/ImplicitObjectELResolver.java,262,276,tomcat/java/javax/servlet/jsp/el/ImplicitObjectELResolver.java,304,318
tomcat/java/javax/servlet/jsp/el/ImplicitObjectELResolver.java,262,276,tomcat/java/javax/servlet/jsp/el/ImplicitObjectELResolver.java,304,318
tomcat/java/javax/servlet/jsp/el/ImplicitObjectELResolver.java,262,276,tomcat/java/javax/servlet/jsp/el/ImplicitObjectELResolver.java,304,318
tomcat/java/javax/servlet/jsp/el/ImplicitObjectELResolver.java,304,318,tomcat/java/javax/servlet/jsp/el/ImplicitObjectELResolver.java,304,318
tomcat/java/javax/servlet/jsp/el/ImplicitObjectELResolver.java,280,303,tomcat/java/javax/servlet/jsp/el/ImplicitObjectELResolver.java,280,303
tomcat/java/javax/servlet/jsp/el/ImplicitObjectELResolver.java,319,333,tomcat/java/javax/servlet/jsp/el/ImplicitObjectELResolver.java,319,333
tomcat/java/javax/servlet/jsp/el/ImplicitObjectELResolver.java,357,391,tomcat/java/javax/servlet/jsp/el/ImplicitObjectELResolver.java,357,391
tomcat/java/javax/servlet/jsp/el/ImplicitObjectELResolver.java,404,414,tomcat/java/javax/servlet/jsp/el/ImplicitObjectELResolver.java,404,414
tomcat/java/javax/servlet/jsp/el/ImplicitObjectELResolver.java,415,426,tomcat/java/javax/servlet/jsp/el/ImplicitObjectELResolver.java,415,426
tomcat/java/javax/servlet/jsp/el/ImplicitObjectELResolver.java,427,441,tomcat/java/javax/servlet/jsp/el/ImplicitObjectELResolver.java,427,441
tomcat/java/javax/websocket/CloseReason.java,43,87,tomcat/java/javax/websocket/CloseReason.java,43,87
tomcat/java/org/apache/catalina/authenticator/BasicAuthenticator.java,98,122,tomcat/java/org/apache/catalina/authenticator/BasicAuthenticator.java,98,122
tomcat/java/org/apache/catalina/authenticator/DigestAuthenticator.java,213,238,tomcat/java/org/apache/catalina/authenticator/DigestAuthenticator.java,213,238
tomcat/java/org/apache/catalina/authenticator/DigestAuthenticator.java,239,335,tomcat/java/org/apache/catalina/authenticator/DigestAuthenticator.java,239,335
tomcat/java/org/apache/catalina/authenticator/DigestAuthenticator.java,358,372,tomcat/java/org/apache/catalina/authenticator/DigestAuthenticator.java,358,372
tomcat/java/org/apache/catalina/authenticator/SpnegoAuthenticator.java,271,322,tomcat/java/org/apache/catalina/authenticator/SpnegoAuthenticator.java,271,322
tomcat/java/org/apache/catalina/authenticator/SpnegoAuthenticator.java,330,341,tomcat/java/org/apache/catalina/authenticator/SpnegoAuthenticator.java,330,341
tomcat/java/org/apache/catalina/authenticator/SpnegoAuthenticator.java,345,376,tomcat/java/org/apache/catalina/authenticator/SpnegoAuthenticator.java,345,376
tomcat/java/org/apache/catalina/connector/Response.java,448,465,tomcat/java/org/apache/catalina/connector/Response.java,621,638
tomcat/java/org/apache/catalina/connector/Response.java,495,507,tomcat/java/org/apache/catalina/connector/Response.java,658,670
tomcat/java/org/apache/catalina/core/ApplicationDispatcher.java,123,140,tomcat/java/org/apache/catalina/core/ApplicationDispatcher.java,329,346
tomcat/java/org/apache/catalina/core/ApplicationDispatcher.java,123,140,tomcat/java/org/apache/catalina/core/ApplicationDispatcher.java,261,278
tomcat/java/org/apache/catalina/core/ApplicationDispatcher.java,261,278,tomcat/java/org/apache/catalina/core/ApplicationDispatcher.java,329,346
tomcat/java/org/apache/catalina/core/ApplicationFilterRegistration.java,25,46,tomcat/java/org/apache/catalina/core/ApplicationFilterRegistration.java,47,68
tomcat/java/org/apache/catalina/core/ApplicationFilterRegistration.java,69,81,tomcat/java/org/apache/catalina/core/ApplicationFilterRegistration.java,82,94
tomcat/java/org/apache/catalina/core/ApplicationServletRegistration.java,49,61,tomcat/java/org/apache/catalina/core/ApplicationFilterRegistration.java,114,126
tomcat/java/org/apache/catalina/core/ApplicationHttpRequest.java,433,443,tomcat/java/org/apache/catalina/core/ApplicationHttpRequest.java,433,443
tomcat/java/org/apache/catalina/core/ApplicationHttpRequest.java,449,466,tomcat/java/org/apache/catalina/core/ApplicationHttpRequest.java,449,466
tomcat/java/org/apache/catalina/core/ApplicationHttpRequest.java,467,476,tomcat/java/org/apache/catalina/core/ApplicationHttpRequest.java,467,476
tomcat/java/org/apache/catalina/filters/RemoteIpFilter.java,177,195,tomcat/java/org/apache/catalina/core/ApplicationHttpRequest.java,199,217
tomcat/java/org/apache/catalina/filters/RemoteIpFilter.java,177,195,tomcat/java/org/apache/catalina/core/ApplicationHttpRequest.java,199,217
tomcat/java/org/apache/catalina/filters/RemoteIpFilter.java,177,195,tomcat/java/org/apache/catalina/filters/RemoteIpFilter.java,177,195
tomcat/java/org/apache/catalina/core/StandardContext.java,2210,2220,tomcat/java/org/apache/catalina/core/StandardContext.java,2210,2220
tomcat/java/org/apache/catalina/core/StandardContext.java,2221,2242,tomcat/java/org/apache/catalina/core/StandardContext.java,2221,2242
tomcat/java/org/apache/catalina/core/StandardContext.java,1721,1731,tomcat/java/org/apache/catalina/core/StandardContext.java,1772,1782
tomcat/java/org/apache/catalina/core/StandardContext.java,2142,2151,tomcat/java/org/apache/catalina/core/StandardContext.java,2152,2161
tomcat/java/org/apache/catalina/core/StandardEngine.java,229,238,tomcat/java/org/apache/catalina/core/StandardEngine.java,229,238
tomcat/java/org/apache/catalina/core/StandardEngine.java,239,249,tomcat/java/org/apache/catalina/core/StandardEngine.java,239,249
tomcat/java/org/apache/catalina/core/StandardEngine.java,169,181,tomcat/java/org/apache/catalina/core/StandardEngine.java,182,194
tomcat/java/org/apache/catalina/filters/AddDefaultCharsetFilter.java,55,67,tomcat/java/org/apache/catalina/filters/AddDefaultCharsetFilter.java,55,67
tomcat/java/org/apache/catalina/filters/CsrfPreventionFilter.java,96,125,tomcat/java/org/apache/catalina/filters/CsrfPreventionFilter.java,96,125
tomcat/java/org/apache/catalina/filters/CsrfPreventionFilter.java,130,141,tomcat/java/org/apache/catalina/filters/CsrfPreventionFilter.java,130,141
tomcat/java/org/apache/catalina/filters/RemoteIpFilter.java,50,63,tomcat/java/org/apache/catalina/filters/RemoteIpFilter.java,50,63
tomcat/java/org/apache/catalina/filters/RemoteIpFilter.java,64,83,tomcat/java/org/apache/catalina/filters/RemoteIpFilter.java,64,83
tomcat/java/org/apache/catalina/valves/RemoteIpValve.java,23,38,tomcat/java/org/apache/catalina/filters/RemoteIpFilter.java,217,232
tomcat/java/org/apache/catalina/ha/deploy/WarWatcher.java,19,54,tomcat/java/org/apache/catalina/ha/deploy/WarWatcher.java,19,54
tomcat/java/org/apache/catalina/valves/ValveBase.java,62,73,tomcat/java/org/apache/catalina/ha/tcp/SimpleTcpCluster.java,373,384
tomcat/java/org/apache/catalina/loader/WebappClassLoader.java,10,20,tomcat/java/org/apache/catalina/loader/ParallelWebappClassLoader.java,19,29
tomcat/java/org/apache/catalina/manager/JspHelper.java,28,38,tomcat/java/org/apache/catalina/manager/JspHelper.java,39,49
tomcat/java/org/apache/catalina/manager/JspHelper.java,50,59,tomcat/java/org/apache/catalina/manager/JspHelper.java,70,79
tomcat/java/org/apache/catalina/manager/JspHelper.java,50,59,tomcat/java/org/apache/catalina/manager/JspHelper.java,60,69
tomcat/java/org/apache/catalina/manager/JspHelper.java,60,69,tomcat/java/org/apache/catalina/manager/JspHelper.java,70,79
tomcat/java/org/apache/catalina/mapper/Mapper.java,810,843,tomcat/java/org/apache/catalina/mapper/Mapper.java,847,880
tomcat/java/org/apache/catalina/mapper/Mapper.java,914,924,tomcat/java/org/apache/catalina/mapper/Mapper.java,936,946
tomcat/java/org/apache/catalina/mapper/Mapper.java,914,924,tomcat/java/org/apache/catalina/mapper/Mapper.java,925,935
tomcat/java/org/apache/catalina/mapper/Mapper.java,925,935,tomcat/java/org/apache/catalina/mapper/Mapper.java,936,946
tomcat/java/org/apache/catalina/mbeans/ContainerMBean.java,187,204,tomcat/java/org/apache/catalina/mbeans/ContainerMBean.java,205,222
tomcat/java/org/apache/catalina/mbeans/ContextMBean.java,16,33,tomcat/java/org/apache/catalina/mbeans/ContextMBean.java,128,145
tomcat/java/org/apache/catalina/mbeans/ServiceMBean.java,59,76,tomcat/java/org/apache/catalina/mbeans/ContextMBean.java,16,33
tomcat/java/org/apache/catalina/mbeans/ServiceMBean.java,77,94,tomcat/java/org/apache/catalina/mbeans/ContextMBean.java,16,33
tomcat/java/org/apache/catalina/mbeans/ContextMBean.java,16,33,tomcat/java/org/apache/catalina/mbeans/ContextMBean.java,110,127
tomcat/java/org/apache/catalina/mbeans/ContextMBean.java,16,33,tomcat/java/org/apache/catalina/mbeans/ContextMBean.java,34,51
tomcat/java/org/apache/catalina/mbeans/ContextMBean.java,16,33,tomcat/java/org/apache/catalina/mbeans/ContextMBean.java,78,95
tomcat/java/org/apache/catalina/mbeans/ServiceMBean.java,59,76,tomcat/java/org/apache/catalina/mbeans/ContextMBean.java,128,145
tomcat/java/org/apache/catalina/mbeans/ServiceMBean.java,77,94,tomcat/java/org/apache/catalina/mbeans/ContextMBean.java,128,145
tomcat/java/org/apache/catalina/mbeans/ContextMBean.java,110,127,tomcat/java/org/apache/catalina/mbeans/ContextMBean.java,128,145
tomcat/java/org/apache/catalina/mbeans/ContextMBean.java,34,51,tomcat/java/org/apache/catalina/mbeans/ContextMBean.java,128,145
tomcat/java/org/apache/catalina/mbeans/ContextMBean.java,78,95,tomcat/java/org/apache/catalina/mbeans/ContextMBean.java,128,145
tomcat/java/org/apache/catalina/mbeans/ServiceMBean.java,59,76,tomcat/java/org/apache/catalina/mbeans/ServiceMBean.java,77,94
tomcat/java/org/apache/catalina/mbeans/ServiceMBean.java,59,76,tomcat/java/org/apache/catalina/mbeans/ContextMBean.java,110,127
tomcat/java/org/apache/catalina/mbeans/ServiceMBean.java,59,76,tomcat/java/org/apache/catalina/mbeans/ContextMBean.java,34,51
tomcat/java/org/apache/catalina/mbeans/ServiceMBean.java,59,76,tomcat/java/org/apache/catalina/mbeans/ContextMBean.java,78,95
tomcat/java/org/apache/catalina/mbeans/ServiceMBean.java,77,94,tomcat/java/org/apache/catalina/mbeans/ContextMBean.java,110,127
tomcat/java/org/apache/catalina/mbeans/ServiceMBean.java,77,94,tomcat/java/org/apache/catalina/mbeans/ContextMBean.java,34,51
tomcat/java/org/apache/catalina/mbeans/ServiceMBean.java,77,94,tomcat/java/org/apache/catalina/mbeans/ContextMBean.java,78,95
tomcat/java/org/apache/catalina/mbeans/ContextMBean.java,34,51,tomcat/java/org/apache/catalina/mbeans/ContextMBean.java,110,127
tomcat/java/org/apache/catalina/mbeans/ContextMBean.java,78,95,tomcat/java/org/apache/catalina/mbeans/ContextMBean.java,110,127
tomcat/java/org/apache/catalina/mbeans/ContextMBean.java,34,51,tomcat/java/org/apache/catalina/mbeans/ContextMBean.java,78,95
tomcat/java/org/apache/catalina/mbeans/ServiceMBean.java,95,108,tomcat/java/org/apache/catalina/mbeans/ContextMBean.java,96,109
tomcat/java/org/apache/catalina/mbeans/UserMBean.java,42,61,tomcat/java/org/apache/catalina/mbeans/GroupMBean.java,21,40
tomcat/java/org/apache/catalina/mbeans/GroupMBean.java,61,72,tomcat/java/org/apache/catalina/mbeans/GroupMBean.java,73,84
tomcat/java/org/apache/catalina/mbeans/UserMBean.java,98,109,tomcat/java/org/apache/catalina/mbeans/GroupMBean.java,61,72
tomcat/java/org/apache/catalina/mbeans/UserMBean.java,74,85,tomcat/java/org/apache/catalina/mbeans/GroupMBean.java,61,72
tomcat/java/org/apache/catalina/mbeans/UserMBean.java,98,109,tomcat/java/org/apache/catalina/mbeans/GroupMBean.java,73,84
tomcat/java/org/apache/catalina/mbeans/UserMBean.java,74,85,tomcat/java/org/apache/catalina/mbeans/GroupMBean.java,73,84
tomcat/java/org/apache/catalina/mbeans/UserMBean.java,74,85,tomcat/java/org/apache/catalina/mbeans/UserMBean.java,98,109
tomcat/java/org/apache/catalina/mbeans/MBeanFactory.java,176,188,tomcat/java/org/apache/catalina/mbeans/MBeanFactory.java,189,201
tomcat/java/org/apache/catalina/mbeans/MBeanUtils.java,52,71,tomcat/java/org/apache/catalina/mbeans/MBeanUtils.java,72,91
tomcat/java/org/apache/catalina/mbeans/MBeanUtils.java,52,71,tomcat/java/org/apache/catalina/mbeans/MBeanUtils.java,92,111
tomcat/java/org/apache/catalina/mbeans/MBeanUtils.java,72,91,tomcat/java/org/apache/catalina/mbeans/MBeanUtils.java,92,111
tomcat/java/org/apache/catalina/mbeans/MBeanUtils.java,112,131,tomcat/java/org/apache/catalina/mbeans/MBeanUtils.java,132,151
tomcat/java/org/apache/catalina/mbeans/MBeanUtils.java,112,131,tomcat/java/org/apache/catalina/mbeans/MBeanUtils.java,152,171
tomcat/java/org/apache/catalina/mbeans/MBeanUtils.java,112,131,tomcat/java/org/apache/catalina/mbeans/MBeanUtils.java,172,191
tomcat/java/org/apache/catalina/mbeans/MBeanUtils.java,132,151,tomcat/java/org/apache/catalina/mbeans/MBeanUtils.java,152,171
tomcat/java/org/apache/catalina/mbeans/MBeanUtils.java,132,151,tomcat/java/org/apache/catalina/mbeans/MBeanUtils.java,172,191
tomcat/java/org/apache/catalina/mbeans/MBeanUtils.java,152,171,tomcat/java/org/apache/catalina/mbeans/MBeanUtils.java,172,191
tomcat/java/org/apache/catalina/mbeans/MBeanUtils.java,327,342,tomcat/java/org/apache/catalina/mbeans/MBeanUtils.java,362,377
tomcat/java/org/apache/catalina/mbeans/MBeanUtils.java,378,393,tomcat/java/org/apache/catalina/mbeans/MBeanUtils.java,394,409
tomcat/java/org/apache/catalina/mbeans/MBeanUtils.java,378,393,tomcat/java/org/apache/catalina/mbeans/MBeanUtils.java,410,425
tomcat/java/org/apache/catalina/mbeans/MBeanUtils.java,394,409,tomcat/java/org/apache/catalina/mbeans/MBeanUtils.java,410,425
tomcat/java/org/apache/catalina/mbeans/MemoryUserDatabaseMBean.java,29,38,tomcat/java/org/apache/catalina/mbeans/MemoryUserDatabaseMBean.java,39,48
tomcat/java/org/apache/catalina/mbeans/MemoryUserDatabaseMBean.java,29,38,tomcat/java/org/apache/catalina/mbeans/MemoryUserDatabaseMBean.java,49,58
tomcat/java/org/apache/catalina/mbeans/MemoryUserDatabaseMBean.java,39,48,tomcat/java/org/apache/catalina/mbeans/MemoryUserDatabaseMBean.java,49,58
tomcat/java/org/apache/catalina/mbeans/NamingResourcesMBean.java,40,57,tomcat/java/org/apache/catalina/mbeans/NamingResourcesMBean.java,58,75
tomcat/java/org/apache/catalina/mbeans/UserMBean.java,62,73,tomcat/java/org/apache/catalina/mbeans/UserMBean.java,86,97
tomcat/java/org/apache/catalina/realm/GenericPrincipal.java,106,116,tomcat/java/org/apache/catalina/realm/GenericPrincipal.java,106,116
tomcat/java/org/apache/catalina/security/SecurityUtil.java,57,80,tomcat/java/org/apache/catalina/security/SecurityUtil.java,94,117
tomcat/java/org/apache/catalina/servlets/CGIServlet.java,233,244,tomcat/java/org/apache/catalina/servlets/CGIServlet.java,233,244
tomcat/java/org/apache/catalina/servlets/CGIServlet.java,492,541,tomcat/java/org/apache/catalina/servlets/CGIServlet.java,492,541
tomcat/java/org/apache/catalina/servlets/CGIServlet.java,609,620,tomcat/java/org/apache/catalina/servlets/CGIServlet.java,609,620
tomcat/java/org/apache/catalina/servlets/CGIServlet.java,825,860,tomcat/java/org/apache/catalina/servlets/CGIServlet.java,825,860
tomcat/java/org/apache/catalina/session/ManagerBase.java,616,625,tomcat/java/org/apache/catalina/session/ManagerBase.java,633,642
tomcat/java/org/apache/catalina/session/ManagerBase.java,616,625,tomcat/java/org/apache/catalina/session/ManagerBase.java,643,652
tomcat/java/org/apache/catalina/session/ManagerBase.java,633,642,tomcat/java/org/apache/catalina/session/ManagerBase.java,643,652
tomcat/java/org/apache/catalina/ssi/ResponseIncludeWrapper.java,104,119,tomcat/java/org/apache/catalina/ssi/ResponseIncludeWrapper.java,128,143
tomcat/java/org/apache/catalina/storeconfig/InterceptorSF.java,9,33,tomcat/java/org/apache/catalina/storeconfig/CredentialHandlerSF.java,9,33
tomcat/java/org/apache/catalina/storeconfig/RealmSF.java,10,34,tomcat/java/org/apache/catalina/storeconfig/CredentialHandlerSF.java,9,33
tomcat/java/org/apache/catalina/storeconfig/RealmSF.java,10,34,tomcat/java/org/apache/catalina/storeconfig/InterceptorSF.java,9,33
tomcat/java/org/apache/catalina/tribes/group/AbsoluteOrder.java,27,37,tomcat/java/org/apache/catalina/tribes/group/AbsoluteOrder.java,27,37
tomcat/java/org/apache/catalina/tribes/group/AbsoluteOrder.java,47,59,tomcat/java/org/apache/catalina/tribes/group/AbsoluteOrder.java,47,59
tomcat/java/org/apache/catalina/tribes/group/AbsoluteOrder.java,63,72,tomcat/java/org/apache/catalina/tribes/group/AbsoluteOrder.java,63,72
tomcat/java/org/apache/catalina/tribes/group/GroupChannel.java,401,412,tomcat/java/org/apache/catalina/tribes/group/GroupChannel.java,401,412
tomcat/java/org/apache/catalina/tribes/group/GroupChannel.java,417,428,tomcat/java/org/apache/catalina/tribes/group/GroupChannel.java,417,428
tomcat/java/org/apache/catalina/tribes/group/interceptors/FragmentationInterceptor.java,141,155,tomcat/java/org/apache/catalina/tribes/group/interceptors/FragmentationInterceptor.java,141,155
tomcat/java/org/apache/catalina/tribes/group/interceptors/OrderInterceptor.java,209,240,tomcat/java/org/apache/catalina/tribes/group/interceptors/OrderInterceptor.java,209,240
tomcat/java/org/apache/catalina/tribes/group/RpcChannel.java,187,202,tomcat/java/org/apache/catalina/tribes/group/RpcChannel.java,187,202
tomcat/java/org/apache/catalina/tribes/membership/StaticMember.java,26,35,tomcat/java/org/apache/catalina/tribes/membership/McastService.java,416,425
tomcat/java/org/apache/catalina/tribes/membership/Membership.java,161,171,tomcat/java/org/apache/catalina/tribes/membership/Membership.java,161,171
tomcat/java/org/apache/catalina/tribes/tipis/AbstractReplicatedMap.java,1206,1216,tomcat/java/org/apache/catalina/tribes/tipis/AbstractReplicatedMap.java,1227,1237
tomcat/java/org/apache/catalina/tribes/tipis/AbstractReplicatedMap.java,1256,1265,tomcat/java/org/apache/catalina/tribes/tipis/AbstractReplicatedMap.java,1266,1275
tomcat/java/org/apache/catalina/tribes/transport/nio/ParallelNioSender.java,244,263,tomcat/java/org/apache/catalina/tribes/transport/bio/MultipointBioSender.java,70,89
tomcat/java/org/apache/catalina/tribes/transport/PooledSender.java,98,123,tomcat/java/org/apache/catalina/tribes/transport/PooledSender.java,98,123
tomcat/java/org/apache/catalina/tribes/transport/PooledSender.java,143,158,tomcat/java/org/apache/catalina/tribes/transport/PooledSender.java,143,158
tomcat/java/org/apache/tomcat/util/ExceptionUtils.java,4,14,tomcat/java/org/apache/catalina/tribes/util/ExceptionUtils.java,3,13
tomcat/java/org/apache/jasper/runtime/ExceptionUtils.java,4,14,tomcat/java/org/apache/catalina/tribes/util/ExceptionUtils.java,3,13
tomcat/java/org/apache/tomcat/util/ExceptionUtils.java,4,14,tomcat/java/org/apache/jasper/runtime/ExceptionUtils.java,4,14
tomcat/java/org/apache/tomcat/util/threads/TaskQueue.java,34,49,tomcat/java/org/apache/catalina/tribes/util/ExecutorFactory.java,67,82
tomcat/java/org/apache/catalina/tribes/util/ExecutorFactory.java,67,82,tomcat/java/org/apache/catalina/tribes/util/ExecutorFactory.java,67,82
tomcat/java/org/apache/tomcat/util/threads/TaskQueue.java,34,49,tomcat/java/org/apache/catalina/tribes/util/ExecutorFactory.java,67,82
tomcat/java/org/apache/catalina/tribes/util/ExecutorFactory.java,38,50,tomcat/java/org/apache/catalina/tribes/util/ExecutorFactory.java,38,50
tomcat/java/org/apache/tomcat/util/res/StringManager.java,14,39,tomcat/java/org/apache/catalina/tribes/util/StringManager.java,14,39
tomcat/java/org/apache/tomcat/util/res/StringManager.java,40,54,tomcat/java/org/apache/catalina/tribes/util/StringManager.java,40,54
tomcat/java/org/apache/tomcat/util/res/StringManager.java,75,98,tomcat/java/org/apache/catalina/tribes/util/StringManager.java,75,98
tomcat/java/org/apache/tomcat/util/res/StringManager.java,99,109,tomcat/java/org/apache/catalina/tribes/util/StringManager.java,99,109
tomcat/java/org/apache/jasper/security/SecurityUtil.java,12,38,tomcat/java/org/apache/catalina/util/RequestUtil.java,3,29
tomcat/webapps/examples/WEB-INF/classes/util/HTMLFilter.java,3,29,tomcat/java/org/apache/catalina/util/RequestUtil.java,3,29
tomcat/webapps/examples/WEB-INF/classes/util/HTMLFilter.java,3,29,tomcat/java/org/apache/jasper/security/SecurityUtil.java,12,38
tomcat/java/org/apache/catalina/valves/AbstractAccessLogValve.java,442,460,tomcat/java/org/apache/catalina/valves/AbstractAccessLogValve.java,442,460
tomcat/java/org/apache/catalina/valves/AbstractAccessLogValve.java,461,495,tomcat/java/org/apache/catalina/valves/AbstractAccessLogValve.java,461,495
tomcat/java/org/apache/catalina/valves/AbstractAccessLogValve.java,143,154,tomcat/java/org/apache/catalina/valves/AbstractAccessLogValve.java,143,154
tomcat/java/org/apache/catalina/valves/AbstractAccessLogValve.java,155,173,tomcat/java/org/apache/catalina/valves/AbstractAccessLogValve.java,155,173
tomcat/java/org/apache/catalina/valves/AbstractAccessLogValve.java,63,80,tomcat/java/org/apache/catalina/valves/AbstractAccessLogValve.java,63,80
tomcat/java/org/apache/catalina/valves/AbstractAccessLogValve.java,81,136,tomcat/java/org/apache/catalina/valves/AbstractAccessLogValve.java,81,136
tomcat/java/org/apache/catalina/valves/ExtendedAccessLogValve.java,73,86,tomcat/java/org/apache/catalina/valves/ExtendedAccessLogValve.java,73,86
tomcat/java/org/apache/catalina/valves/ExtendedAccessLogValve.java,73,86,tomcat/java/org/apache/catalina/valves/ExtendedAccessLogValve.java,73,86
tomcat/java/org/apache/catalina/valves/ExtendedAccessLogValve.java,254,294,tomcat/java/org/apache/catalina/valves/ExtendedAccessLogValve.java,254,294
tomcat/java/org/apache/catalina/valves/ExtendedAccessLogValve.java,295,312,tomcat/java/org/apache/catalina/valves/ExtendedAccessLogValve.java,295,312
tomcat/java/org/apache/catalina/valves/ExtendedAccessLogValve.java,313,333,tomcat/java/org/apache/catalina/valves/ExtendedAccessLogValve.java,313,333
tomcat/java/org/apache/catalina/valves/ExtendedAccessLogValve.java,223,232,tomcat/java/org/apache/catalina/valves/ExtendedAccessLogValve.java,223,232
tomcat/java/org/apache/catalina/valves/ExtendedAccessLogValve.java,73,86,tomcat/java/org/apache/catalina/valves/ExtendedAccessLogValve.java,73,86
tomcat/java/org/apache/catalina/valves/RequestFilterValve.java,26,41,tomcat/java/org/apache/catalina/valves/RequestFilterValve.java,45,60
tomcat/java/org/apache/catalina/valves/StuckThreadDetectionValve.java,171,181,tomcat/java/org/apache/catalina/valves/StuckThreadDetectionValve.java,171,181
tomcat/java/org/apache/catalina/webresources/Cache.java,193,204,tomcat/java/org/apache/catalina/webresources/Cache.java,193,204
tomcat/java/org/apache/coyote/http2/Http2Protocol.java,134,149,tomcat/java/org/apache/coyote/http11/AbstractHttp11Protocol.java,175,190
tomcat/java/org/apache/coyote/http2/Http2Protocol.java,150,164,tomcat/java/org/apache/coyote/http11/AbstractHttp11Protocol.java,191,205
tomcat/java/org/apache/coyote/http11/Http11OutputBuffer.java,61,71,tomcat/java/org/apache/coyote/http11/Http11OutputBuffer.java,61,71
tomcat/java/org/apache/coyote/http2/HpackEncoder.java,255,264,tomcat/java/org/apache/coyote/http2/HpackEncoder.java,255,264
tomcat/java/org/apache/coyote/http2/HPackHuffman.java,446,462,tomcat/java/org/apache/coyote/http2/HPackHuffman.java,446,462
tomcat/webapps/examples/WEB-INF/classes/websocket/snake/Location.java,24,40,tomcat/java/org/apache/coyote/http2/HPackHuffman.java,446,462
tomcat/webapps/examples/WEB-INF/classes/websocket/snake/Location.java,24,40,tomcat/java/org/apache/coyote/http2/HPackHuffman.java,446,462
tomcat/java/org/apache/el/lang/ExpressionBuilder.java,218,230,tomcat/java/org/apache/el/lang/ExpressionBuilder.java,218,230
tomcat/java/org/apache/tomcat/util/collections/SynchronizedStack.java,21,33,tomcat/java/org/apache/el/lang/ExpressionBuilder.java,218,230
tomcat/java/org/apache/tomcat/util/collections/SynchronizedStack.java,21,33,tomcat/java/org/apache/el/lang/ExpressionBuilder.java,218,230
tomcat/java/org/apache/tomcat/util/collections/SynchronizedStack.java,51,60,tomcat/java/org/apache/el/lang/ExpressionBuilder.java,240,249
tomcat/java/org/apache/el/lang/ExpressionBuilder.java,240,249,tomcat/java/org/apache/el/lang/ExpressionBuilder.java,240,249
tomcat/java/org/apache/tomcat/util/collections/SynchronizedStack.java,51,60,tomcat/java/org/apache/el/lang/ExpressionBuilder.java,240,249
tomcat/java/org/apache/el/lang/FunctionMapperImpl.java,50,60,tomcat/java/org/apache/el/lang/FunctionMapperImpl.java,50,60
tomcat/java/org/apache/el/lang/FunctionMapperImpl.java,90,101,tomcat/java/org/apache/el/lang/FunctionMapperImpl.java,90,101
tomcat/java/org/apache/el/parser/ELParser.java,2352,2365,tomcat/java/org/apache/el/parser/ELParser.java,2478,2491
tomcat/java/org/apache/el/parser/ELParser.java,2352,2365,tomcat/java/org/apache/el/parser/ELParser.java,3220,3233
tomcat/java/org/apache/el/parser/ELParser.java,2352,2365,tomcat/java/org/apache/el/parser/ELParser.java,2738,2751
tomcat/java/org/apache/el/parser/ELParser.java,2352,2365,tomcat/java/org/apache/el/parser/ELParser.java,2781,2794
tomcat/java/org/apache/el/parser/ELParser.java,2352,2365,tomcat/java/org/apache/el/parser/ELParser.java,2387,2400
tomcat/java/org/apache/el/parser/ELParser.java,2352,2365,tomcat/java/org/apache/el/parser/ELParser.java,2847,2860
tomcat/java/org/apache/el/parser/ELParser.java,2352,2365,tomcat/java/org/apache/el/parser/ELParser.java,2492,2505
tomcat/java/org/apache/el/parser/ELParser.java,2352,2365,tomcat/java/org/apache/el/parser/ELParser.java,2976,2989
tomcat/java/org/apache/el/parser/ELParser.java,2352,2365,tomcat/java/org/apache/el/parser/ELParser.java,2506,2519
tomcat/java/org/apache/el/parser/ELParser.java,2352,2365,tomcat/java/org/apache/el/parser/ELParser.java,2438,2451
tomcat/java/org/apache/el/parser/ELParser.java,2352,2365,tomcat/java/org/apache/el/parser/ELParser.java,3118,3131
tomcat/java/org/apache/el/parser/ELParser.java,2352,2365,tomcat/java/org/apache/el/parser/ELParser.java,3042,3055
tomcat/java/org/apache/el/parser/ELParser.java,2478,2491,tomcat/java/org/apache/el/parser/ELParser.java,3220,3233
tomcat/java/org/apache/el/parser/ELParser.java,2478,2491,tomcat/java/org/apache/el/parser/ELParser.java,2738,2751
tomcat/java/org/apache/el/parser/ELParser.java,2478,2491,tomcat/java/org/apache/el/parser/ELParser.java,2781,2794
tomcat/java/org/apache/el/parser/ELParser.java,2387,2400,tomcat/java/org/apache/el/parser/ELParser.java,2478,2491
tomcat/java/org/apache/el/parser/ELParser.java,2478,2491,tomcat/java/org/apache/el/parser/ELParser.java,2847,2860
tomcat/java/org/apache/el/parser/ELParser.java,2478,2491,tomcat/java/org/apache/el/parser/ELParser.java,2492,2505
tomcat/java/org/apache/el/parser/ELParser.java,2478,2491,tomcat/java/org/apache/el/parser/ELParser.java,2976,2989
tomcat/java/org/apache/el/parser/ELParser.java,2478,2491,tomcat/java/org/apache/el/parser/ELParser.java,2506,2519
tomcat/java/org/apache/el/parser/ELParser.java,2438,2451,tomcat/java/org/apache/el/parser/ELParser.java,2478,2491
tomcat/java/org/apache/el/parser/ELParser.java,2478,2491,tomcat/java/org/apache/el/parser/ELParser.java,3118,3131
tomcat/java/org/apache/el/parser/ELParser.java,2478,2491,tomcat/java/org/apache/el/parser/ELParser.java,3042,3055
tomcat/java/org/apache/el/parser/ELParser.java,2738,2751,tomcat/java/org/apache/el/parser/ELParser.java,3220,3233
tomcat/java/org/apache/el/parser/ELParser.java,2781,2794,tomcat/java/org/apache/el/parser/ELParser.java,3220,3233
tomcat/java/org/apache/el/parser/ELParser.java,2387,2400,tomcat/java/org/apache/el/parser/ELParser.java,3220,3233
tomcat/java/org/apache/el/parser/ELParser.java,2847,2860,tomcat/java/org/apache/el/parser/ELParser.java,3220,3233
tomcat/java/org/apache/el/parser/ELParser.java,2492,2505,tomcat/java/org/apache/el/parser/ELParser.java,3220,3233
tomcat/java/org/apache/el/parser/ELParser.java,2976,2989,tomcat/java/org/apache/el/parser/ELParser.java,3220,3233
tomcat/java/org/apache/el/parser/ELParser.java,2506,2519,tomcat/java/org/apache/el/parser/ELParser.java,3220,3233
tomcat/java/org/apache/el/parser/ELParser.java,2438,2451,tomcat/java/org/apache/el/parser/ELParser.java,3220,3233
tomcat/java/org/apache/el/parser/ELParser.java,3118,3131,tomcat/java/org/apache/el/parser/ELParser.java,3220,3233
tomcat/java/org/apache/el/parser/ELParser.java,3042,3055,tomcat/java/org/apache/el/parser/ELParser.java,3220,3233
tomcat/java/org/apache/el/parser/ELParser.java,2738,2751,tomcat/java/org/apache/el/parser/ELParser.java,2781,2794
tomcat/java/org/apache/el/parser/ELParser.java,2387,2400,tomcat/java/org/apache/el/parser/ELParser.java,2738,2751
tomcat/java/org/apache/el/parser/ELParser.java,2738,2751,tomcat/java/org/apache/el/parser/ELParser.java,2847,2860
tomcat/java/org/apache/el/parser/ELParser.java,2492,2505,tomcat/java/org/apache/el/parser/ELParser.java,2738,2751
tomcat/java/org/apache/el/parser/ELParser.java,2738,2751,tomcat/java/org/apache/el/parser/ELParser.java,2976,2989
tomcat/java/org/apache/el/parser/ELParser.java,2506,2519,tomcat/java/org/apache/el/parser/ELParser.java,2738,2751
tomcat/java/org/apache/el/parser/ELParser.java,2438,2451,tomcat/java/org/apache/el/parser/ELParser.java,2738,2751
tomcat/java/org/apache/el/parser/ELParser.java,2738,2751,tomcat/java/org/apache/el/parser/ELParser.java,3118,3131
tomcat/java/org/apache/el/parser/ELParser.java,2738,2751,tomcat/java/org/apache/el/parser/ELParser.java,3042,3055
tomcat/java/org/apache/el/parser/ELParser.java,2387,2400,tomcat/java/org/apache/el/parser/ELParser.java,2781,2794
tomcat/java/org/apache/el/parser/ELParser.java,2781,2794,tomcat/java/org/apache/el/parser/ELParser.java,2847,2860
tomcat/java/org/apache/el/parser/ELParser.java,2492,2505,tomcat/java/org/apache/el/parser/ELParser.java,2781,2794
tomcat/java/org/apache/el/parser/ELParser.java,2781,2794,tomcat/java/org/apache/el/parser/ELParser.java,2976,2989
tomcat/java/org/apache/el/parser/ELParser.java,2506,2519,tomcat/java/org/apache/el/parser/ELParser.java,2781,2794
tomcat/java/org/apache/el/parser/ELParser.java,2438,2451,tomcat/java/org/apache/el/parser/ELParser.java,2781,2794
tomcat/java/org/apache/el/parser/ELParser.java,2781,2794,tomcat/java/org/apache/el/parser/ELParser.java,3118,3131
tomcat/java/org/apache/el/parser/ELParser.java,2781,2794,tomcat/java/org/apache/el/parser/ELParser.java,3042,3055
tomcat/java/org/apache/el/parser/ELParser.java,2387,2400,tomcat/java/org/apache/el/parser/ELParser.java,2847,2860
tomcat/java/org/apache/el/parser/ELParser.java,2387,2400,tomcat/java/org/apache/el/parser/ELParser.java,2492,2505
tomcat/java/org/apache/el/parser/ELParser.java,2387,2400,tomcat/java/org/apache/el/parser/ELParser.java,2976,2989
tomcat/java/org/apache/el/parser/ELParser.java,2387,2400,tomcat/java/org/apache/el/parser/ELParser.java,2506,2519
tomcat/java/org/apache/el/parser/ELParser.java,2387,2400,tomcat/java/org/apache/el/parser/ELParser.java,2438,2451
tomcat/java/org/apache/el/parser/ELParser.java,2387,2400,tomcat/java/org/apache/el/parser/ELParser.java,3118,3131
tomcat/java/org/apache/el/parser/ELParser.java,2387,2400,tomcat/java/org/apache/el/parser/ELParser.java,3042,3055
tomcat/java/org/apache/el/parser/ELParser.java,2492,2505,tomcat/java/org/apache/el/parser/ELParser.java,2847,2860
tomcat/java/org/apache/el/parser/ELParser.java,2847,2860,tomcat/java/org/apache/el/parser/ELParser.java,2976,2989
tomcat/java/org/apache/el/parser/ELParser.java,2506,2519,tomcat/java/org/apache/el/parser/ELParser.java,2847,2860
tomcat/java/org/apache/el/parser/ELParser.java,2438,2451,tomcat/java/org/apache/el/parser/ELParser.java,2847,2860
tomcat/java/org/apache/el/parser/ELParser.java,2847,2860,tomcat/java/org/apache/el/parser/ELParser.java,3118,3131
tomcat/java/org/apache/el/parser/ELParser.java,2847,2860,tomcat/java/org/apache/el/parser/ELParser.java,3042,3055
tomcat/java/org/apache/el/parser/ELParser.java,2492,2505,tomcat/java/org/apache/el/parser/ELParser.java,2976,2989
tomcat/java/org/apache/el/parser/ELParser.java,2492,2505,tomcat/java/org/apache/el/parser/ELParser.java,2506,2519
tomcat/java/org/apache/el/parser/ELParser.java,2438,2451,tomcat/java/org/apache/el/parser/ELParser.java,2492,2505
tomcat/java/org/apache/el/parser/ELParser.java,2492,2505,tomcat/java/org/apache/el/parser/ELParser.java,3118,3131
tomcat/java/org/apache/el/parser/ELParser.java,2492,2505,tomcat/java/org/apache/el/parser/ELParser.java,3042,3055
tomcat/java/org/apache/el/parser/ELParser.java,2506,2519,tomcat/java/org/apache/el/parser/ELParser.java,2976,2989
tomcat/java/org/apache/el/parser/ELParser.java,2438,2451,tomcat/java/org/apache/el/parser/ELParser.java,2976,2989
tomcat/java/org/apache/el/parser/ELParser.java,2976,2989,tomcat/java/org/apache/el/parser/ELParser.java,3118,3131
tomcat/java/org/apache/el/parser/ELParser.java,2976,2989,tomcat/java/org/apache/el/parser/ELParser.java,3042,3055
tomcat/java/org/apache/el/parser/ELParser.java,2438,2451,tomcat/java/org/apache/el/parser/ELParser.java,2506,2519
tomcat/java/org/apache/el/parser/ELParser.java,2506,2519,tomcat/java/org/apache/el/parser/ELParser.java,3118,3131
tomcat/java/org/apache/el/parser/ELParser.java,2506,2519,tomcat/java/org/apache/el/parser/ELParser.java,3042,3055
tomcat/java/org/apache/el/parser/ELParser.java,2438,2451,tomcat/java/org/apache/el/parser/ELParser.java,3118,3131
tomcat/java/org/apache/el/parser/ELParser.java,2438,2451,tomcat/java/org/apache/el/parser/ELParser.java,3042,3055
tomcat/java/org/apache/el/parser/ELParser.java,3042,3055,tomcat/java/org/apache/el/parser/ELParser.java,3118,3131
tomcat/java/org/apache/el/parser/ELParser.java,2418,2431,tomcat/java/org/apache/el/parser/ELParser.java,2526,2539
tomcat/java/org/apache/el/parser/ELParser.java,2683,2693,tomcat/java/org/apache/el/parser/ELParser.java,3031,3041
tomcat/java/org/apache/el/parser/ELParser.java,2683,2693,tomcat/java/org/apache/el/parser/ELParser.java,3008,3018
tomcat/java/org/apache/el/parser/ELParser.java,2683,2693,tomcat/java/org/apache/el/parser/ELParser.java,2830,2840
tomcat/java/org/apache/el/parser/ELParser.java,2683,2693,tomcat/java/org/apache/el/parser/ELParser.java,2801,2811
tomcat/java/org/apache/el/parser/ELParser.java,2683,2693,tomcat/java/org/apache/el/parser/ELParser.java,2764,2774
tomcat/java/org/apache/el/parser/ELParser.java,2683,2693,tomcat/java/org/apache/el/parser/ELParser.java,3245,3255
tomcat/java/org/apache/el/parser/ELParser.java,3008,3018,tomcat/java/org/apache/el/parser/ELParser.java,3031,3041
tomcat/java/org/apache/el/parser/ELParser.java,2830,2840,tomcat/java/org/apache/el/parser/ELParser.java,3031,3041
tomcat/java/org/apache/el/parser/ELParser.java,2801,2811,tomcat/java/org/apache/el/parser/ELParser.java,3031,3041
tomcat/java/org/apache/el/parser/ELParser.java,2764,2774,tomcat/java/org/apache/el/parser/ELParser.java,3031,3041
tomcat/java/org/apache/el/parser/ELParser.java,3031,3041,tomcat/java/org/apache/el/parser/ELParser.java,3245,3255
tomcat/java/org/apache/el/parser/ELParser.java,2830,2840,tomcat/java/org/apache/el/parser/ELParser.java,3008,3018
tomcat/java/org/apache/el/parser/ELParser.java,2801,2811,tomcat/java/org/apache/el/parser/ELParser.java,3008,3018
tomcat/java/org/apache/el/parser/ELParser.java,2764,2774,tomcat/java/org/apache/el/parser/ELParser.java,3008,3018
tomcat/java/org/apache/el/parser/ELParser.java,3008,3018,tomcat/java/org/apache/el/parser/ELParser.java,3245,3255
tomcat/java/org/apache/el/parser/ELParser.java,2801,2811,tomcat/java/org/apache/el/parser/ELParser.java,2830,2840
tomcat/java/org/apache/el/parser/ELParser.java,2764,2774,tomcat/java/org/apache/el/parser/ELParser.java,2830,2840
tomcat/java/org/apache/el/parser/ELParser.java,2830,2840,tomcat/java/org/apache/el/parser/ELParser.java,3245,3255
tomcat/java/org/apache/el/parser/ELParser.java,2764,2774,tomcat/java/org/apache/el/parser/ELParser.java,2801,2811
tomcat/java/org/apache/el/parser/ELParser.java,2801,2811,tomcat/java/org/apache/el/parser/ELParser.java,3245,3255
tomcat/java/org/apache/el/parser/ELParser.java,2764,2774,tomcat/java/org/apache/el/parser/ELParser.java,3245,3255
tomcat/java/org/apache/el/parser/ELParser.java,2896,2912,tomcat/java/org/apache/el/parser/ELParser.java,3171,3187
tomcat/java/org/apache/el/parser/ELParserTokenManager.java,263,345,tomcat/java/org/apache/el/parser/ELParserTokenManager.java,1115,1197
tomcat/java/org/apache/el/parser/ELParserTokenManager.java,349,426,tomcat/java/org/apache/el/parser/ELParserTokenManager.java,1201,1278
tomcat/java/org/apache/el/parser/ELParserTokenManager.java,427,505,tomcat/java/org/apache/el/parser/ELParserTokenManager.java,1279,1357
tomcat/java/org/apache/el/parser/ELParserTokenManager.java,506,546,tomcat/java/org/apache/el/parser/ELParserTokenManager.java,1358,1398
tomcat/java/org/apache/el/parser/ELParserTokenManager.java,547,576,tomcat/java/org/apache/el/parser/ELParserTokenManager.java,1399,1428
tomcat/java/org/apache/el/parser/ELParserTokenManager.java,577,604,tomcat/java/org/apache/el/parser/ELParserTokenManager.java,1429,1456
tomcat/java/org/apache/el/parser/ELParserTokenManager.java,605,622,tomcat/java/org/apache/el/parser/ELParserTokenManager.java,1457,1474
tomcat/java/org/apache/el/parser/ELParserTokenManager.java,623,640,tomcat/java/org/apache/el/parser/ELParserTokenManager.java,1475,1492
tomcat/java/org/apache/el/parser/ELParserTokenManager.java,641,658,tomcat/java/org/apache/el/parser/ELParserTokenManager.java,1493,1510
tomcat/java/org/apache/el/parser/ELParserTokenManager.java,659,676,tomcat/java/org/apache/el/parser/ELParserTokenManager.java,1511,1528
tomcat/java/org/apache/el/parser/ELParserTokenManager.java,677,697,tomcat/java/org/apache/el/parser/ELParserTokenManager.java,1529,1549
tomcat/java/org/apache/el/parser/ELParserTokenManager.java,698,707,tomcat/java/org/apache/el/parser/ELParserTokenManager.java,1550,1559
tomcat/java/org/apache/el/parser/ELParserTokenManager.java,726,1114,tomcat/java/org/apache/el/parser/ELParserTokenManager.java,1560,1948
tomcat/java/org/apache/el/stream/Stream.java,372,385,tomcat/java/org/apache/el/stream/Stream.java,372,385
tomcat/java/org/apache/jasper/compiler/Collector.java,62,104,tomcat/java/org/apache/jasper/compiler/Collector.java,62,104
tomcat/java/org/apache/jasper/compiler/Collector.java,105,118,tomcat/java/org/apache/jasper/compiler/Collector.java,105,118
tomcat/java/org/apache/jasper/compiler/ELFunctionMapper.java,180,195,tomcat/java/org/apache/jasper/compiler/ELFunctionMapper.java,180,195
tomcat/java/org/apache/jasper/compiler/ELFunctionMapper.java,199,214,tomcat/java/org/apache/jasper/compiler/ELFunctionMapper.java,199,214
tomcat/java/org/apache/jasper/compiler/Generator.java,149,162,tomcat/java/org/apache/jasper/compiler/Generator.java,149,162
tomcat/java/org/apache/jasper/compiler/Generator.java,149,162,tomcat/java/org/apache/jasper/compiler/Generator.java,149,162
tomcat/java/org/apache/jasper/compiler/Generator.java,187,216,tomcat/java/org/apache/jasper/compiler/Generator.java,187,216
tomcat/java/org/apache/jasper/compiler/Generator.java,3083,3105,tomcat/java/org/apache/jasper/compiler/Generator.java,3083,3105
tomcat/java/org/apache/jasper/compiler/Generator.java,3129,3138,tomcat/java/org/apache/jasper/compiler/Generator.java,3129,3138
tomcat/java/org/apache/jasper/compiler/Generator.java,2571,2607,tomcat/java/org/apache/jasper/compiler/Generator.java,2571,2607
tomcat/java/org/apache/jasper/compiler/Generator.java,3024,3047,tomcat/java/org/apache/jasper/compiler/Generator.java,3024,3047
tomcat/java/org/apache/jasper/compiler/Generator.java,635,646,tomcat/java/org/apache/jasper/compiler/Generator.java,635,646
tomcat/java/org/apache/jasper/compiler/Generator.java,677,706,tomcat/java/org/apache/jasper/compiler/Generator.java,677,706
tomcat/java/org/apache/jasper/compiler/Generator.java,737,764,tomcat/java/org/apache/jasper/compiler/Generator.java,737,764
tomcat/java/org/apache/jasper/compiler/Generator.java,765,785,tomcat/java/org/apache/jasper/compiler/Generator.java,765,785
tomcat/java/org/apache/jasper/compiler/Generator.java,786,797,tomcat/java/org/apache/jasper/compiler/Generator.java,786,797
tomcat/java/org/apache/jasper/compiler/Generator.java,798,829,tomcat/java/org/apache/jasper/compiler/Generator.java,798,829
tomcat/java/org/apache/jasper/compiler/Generator.java,867,932,tomcat/java/org/apache/jasper/compiler/Generator.java,867,932
tomcat/java/org/apache/jasper/compiler/Generator.java,684,695,tomcat/java/org/apache/jasper/compiler/Generator.java,684,695
tomcat/java/org/apache/jasper/compiler/Generator.java,1362,1407,tomcat/java/org/apache/jasper/compiler/Generator.java,1362,1407
tomcat/java/org/apache/jasper/compiler/Generator.java,1408,1475,tomcat/java/org/apache/jasper/compiler/Generator.java,1408,1475
tomcat/java/org/apache/jasper/compiler/Generator.java,1582,1594,tomcat/java/org/apache/jasper/compiler/Generator.java,1582,1594
tomcat/java/org/apache/jasper/compiler/Generator.java,1632,1665,tomcat/java/org/apache/jasper/compiler/Generator.java,1632,1665
tomcat/java/org/apache/jasper/compiler/Generator.java,1666,1677,tomcat/java/org/apache/jasper/compiler/Generator.java,1666,1677
tomcat/java/org/apache/jasper/compiler/Generator.java,1792,1815,tomcat/java/org/apache/jasper/compiler/Generator.java,1792,1815
tomcat/java/org/apache/jasper/compiler/Generator.java,1954,1988,tomcat/java/org/apache/jasper/compiler/Generator.java,1954,1988
tomcat/java/org/apache/jasper/compiler/Generator.java,1989,2041,tomcat/java/org/apache/jasper/compiler/Generator.java,1989,2041
tomcat/java/org/apache/jasper/compiler/Generator.java,2042,2094,tomcat/java/org/apache/jasper/compiler/Generator.java,2042,2094
tomcat/java/org/apache/jasper/compiler/Generator.java,2095,2134,tomcat/java/org/apache/jasper/compiler/Generator.java,2095,2134
tomcat/java/org/apache/jasper/compiler/Generator.java,2141,2157,tomcat/java/org/apache/jasper/compiler/Generator.java,2141,2157
tomcat/java/org/apache/jasper/compiler/Generator.java,2283,2311,tomcat/java/org/apache/jasper/compiler/Generator.java,2283,2311
tomcat/java/org/apache/jasper/compiler/Generator.java,2312,2393,tomcat/java/org/apache/jasper/compiler/Generator.java,2312,2393
tomcat/java/org/apache/jasper/compiler/Generator.java,2394,2451,tomcat/java/org/apache/jasper/compiler/Generator.java,2394,2451
tomcat/java/org/apache/jasper/compiler/Generator.java,2452,2462,tomcat/java/org/apache/jasper/compiler/Generator.java,2452,2462
tomcat/java/org/apache/jasper/compiler/Generator.java,2463,2489,tomcat/java/org/apache/jasper/compiler/Generator.java,2463,2489
tomcat/java/org/apache/jasper/compiler/Generator.java,2490,2519,tomcat/java/org/apache/jasper/compiler/Generator.java,2490,2519
tomcat/java/org/apache/jasper/compiler/Generator.java,2968,2989,tomcat/java/org/apache/jasper/compiler/Generator.java,2968,2989
tomcat/java/org/apache/jasper/compiler/JspConfig.java,347,366,tomcat/java/org/apache/jasper/compiler/JspConfig.java,347,366
tomcat/java/org/apache/jasper/compiler/Node.java,862,887,tomcat/java/org/apache/jasper/compiler/Node.java,862,887
tomcat/java/org/apache/jasper/compiler/Node.java,894,912,tomcat/java/org/apache/jasper/compiler/Node.java,894,912
tomcat/java/org/apache/jasper/compiler/Node.java,999,1011,tomcat/java/org/apache/jasper/compiler/Node.java,999,1011
tomcat/java/org/apache/jasper/compiler/Node.java,1012,1026,tomcat/java/org/apache/jasper/compiler/Node.java,1012,1026
tomcat/java/org/apache/jasper/compiler/Node.java,1030,1041,tomcat/java/org/apache/jasper/compiler/Node.java,1030,1041
tomcat/java/org/apache/jasper/compiler/Node.java,1066,1077,tomcat/java/org/apache/jasper/compiler/Node.java,1066,1077
tomcat/java/org/apache/jasper/compiler/Node.java,1078,1096,tomcat/java/org/apache/jasper/compiler/Node.java,1078,1096
tomcat/java/org/apache/jasper/compiler/Node.java,1290,1303,tomcat/java/org/apache/jasper/compiler/Node.java,1290,1303
tomcat/java/org/apache/jasper/compiler/Node.java,1310,1321,tomcat/java/org/apache/jasper/compiler/Node.java,1310,1321
tomcat/java/org/apache/jasper/compiler/Node.java,1340,1355,tomcat/java/org/apache/jasper/compiler/Node.java,1340,1355
tomcat/java/org/apache/jasper/compiler/Node.java,1356,1375,tomcat/java/org/apache/jasper/compiler/Node.java,1356,1375
tomcat/java/org/apache/jasper/compiler/Node.java,1139,1157,tomcat/java/org/apache/jasper/compiler/Node.java,1139,1157
tomcat/java/org/apache/jasper/compiler/Node.java,290,302,tomcat/java/org/apache/jasper/compiler/Node.java,290,302
tomcat/java/org/apache/jasper/compiler/Node.java,206,216,tomcat/java/org/apache/jasper/compiler/Node.java,206,216
tomcat/java/org/apache/jasper/compiler/Node.java,290,302,tomcat/java/org/apache/jasper/compiler/Node.java,290,302
tomcat/java/org/apache/jasper/compiler/Node.java,1259,1268,tomcat/java/org/apache/jasper/compiler/Node.java,1259,1268
tomcat/java/org/apache/jasper/compiler/PageDataImpl.java,46,64,tomcat/java/org/apache/jasper/compiler/PageDataImpl.java,46,64
tomcat/java/org/apache/jasper/compiler/PageDataImpl.java,72,92,tomcat/java/org/apache/jasper/compiler/PageDataImpl.java,72,92
tomcat/java/org/apache/jasper/compiler/PageDataImpl.java,96,113,tomcat/java/org/apache/jasper/compiler/PageDataImpl.java,96,113
tomcat/java/org/apache/jasper/compiler/PageDataImpl.java,46,64,tomcat/java/org/apache/jasper/compiler/PageDataImpl.java,46,64
tomcat/java/org/apache/jasper/compiler/PageDataImpl.java,175,191,tomcat/java/org/apache/jasper/compiler/PageDataImpl.java,175,191
tomcat/java/org/apache/jasper/compiler/PageDataImpl.java,279,307,tomcat/java/org/apache/jasper/compiler/PageDataImpl.java,279,307
tomcat/java/org/apache/jasper/compiler/PageDataImpl.java,308,354,tomcat/java/org/apache/jasper/compiler/PageDataImpl.java,308,354
tomcat/java/org/apache/jasper/compiler/PageDataImpl.java,355,364,tomcat/java/org/apache/jasper/compiler/PageDataImpl.java,355,364
tomcat/java/org/apache/jasper/compiler/PageDataImpl.java,365,382,tomcat/java/org/apache/jasper/compiler/PageDataImpl.java,365,382
tomcat/java/org/apache/jasper/compiler/PageDataImpl.java,391,404,tomcat/java/org/apache/jasper/compiler/PageDataImpl.java,391,404
tomcat/java/org/apache/jasper/compiler/PageDataImpl.java,410,433,tomcat/java/org/apache/jasper/compiler/PageDataImpl.java,410,433
tomcat/java/org/apache/jasper/compiler/PageDataImpl.java,434,466,tomcat/java/org/apache/jasper/compiler/PageDataImpl.java,434,466
tomcat/java/org/apache/jasper/compiler/SmapStratum.java,43,61,tomcat/java/org/apache/jasper/compiler/SmapStratum.java,43,61
tomcat/java/org/apache/jasper/compiler/TextOptimizer.java,40,54,tomcat/java/org/apache/jasper/compiler/TextOptimizer.java,40,54
tomcat/java/org/apache/jasper/compiler/Validator.java,57,182,tomcat/java/org/apache/jasper/compiler/Validator.java,57,182
tomcat/java/org/apache/jasper/compiler/Validator.java,183,240,tomcat/java/org/apache/jasper/compiler/Validator.java,183,240
tomcat/java/org/apache/jasper/compiler/Validator.java,247,277,tomcat/java/org/apache/jasper/compiler/Validator.java,247,277
tomcat/java/org/apache/jasper/compiler/Validator.java,278,292,tomcat/java/org/apache/jasper/compiler/Validator.java,278,292
tomcat/java/org/apache/jasper/compiler/Validator.java,627,689,tomcat/java/org/apache/jasper/compiler/Validator.java,627,689
tomcat/java/org/apache/jasper/compiler/Validator.java,403,417,tomcat/java/org/apache/jasper/compiler/Validator.java,403,417
tomcat/java/org/apache/jasper/compiler/Validator.java,453,470,tomcat/java/org/apache/jasper/compiler/Validator.java,453,470
tomcat/java/org/apache/jasper/compiler/Validator.java,471,500,tomcat/java/org/apache/jasper/compiler/Validator.java,471,500
tomcat/java/org/apache/jasper/compiler/Validator.java,501,533,tomcat/java/org/apache/jasper/compiler/Validator.java,501,533
tomcat/java/org/apache/jasper/compiler/Validator.java,563,582,tomcat/java/org/apache/jasper/compiler/Validator.java,563,582
tomcat/java/org/apache/jasper/compiler/Validator.java,583,606,tomcat/java/org/apache/jasper/compiler/Validator.java,583,606
tomcat/java/org/apache/jasper/compiler/Validator.java,607,626,tomcat/java/org/apache/jasper/compiler/Validator.java,607,626
tomcat/java/org/apache/jasper/compiler/Validator.java,627,689,tomcat/java/org/apache/jasper/compiler/Validator.java,627,689
tomcat/java/org/apache/jasper/compiler/Validator.java,690,727,tomcat/java/org/apache/jasper/compiler/Validator.java,690,727
tomcat/java/org/apache/jasper/compiler/Validator.java,728,781,tomcat/java/org/apache/jasper/compiler/Validator.java,728,781
tomcat/java/org/apache/jasper/compiler/Validator.java,782,795,tomcat/java/org/apache/jasper/compiler/Validator.java,782,795
tomcat/java/org/apache/jasper/compiler/Validator.java,796,809,tomcat/java/org/apache/jasper/compiler/Validator.java,796,809
tomcat/java/org/apache/jasper/compiler/Validator.java,810,977,tomcat/java/org/apache/jasper/compiler/Validator.java,810,977
tomcat/java/org/apache/jasper/compiler/Validator.java,978,1021,tomcat/java/org/apache/jasper/compiler/Validator.java,978,1021
tomcat/java/org/apache/jasper/compiler/Validator.java,1022,1091,tomcat/java/org/apache/jasper/compiler/Validator.java,1022,1091
tomcat/java/org/apache/jasper/compiler/Validator.java,1108,1130,tomcat/java/org/apache/jasper/compiler/Validator.java,1108,1130
tomcat/java/org/apache/jasper/compiler/Validator.java,1155,1174,tomcat/java/org/apache/jasper/compiler/Validator.java,1155,1174
tomcat/java/org/apache/jasper/compiler/Validator.java,1175,1214,tomcat/java/org/apache/jasper/compiler/Validator.java,1175,1214
tomcat/java/org/apache/jasper/compiler/Validator.java,1215,1225,tomcat/java/org/apache/jasper/compiler/Validator.java,1215,1225
tomcat/java/org/apache/jasper/compiler/Validator.java,1231,1246,tomcat/java/org/apache/jasper/compiler/Validator.java,1231,1246
tomcat/java/org/apache/jasper/compiler/Validator.java,1247,1274,tomcat/java/org/apache/jasper/compiler/Validator.java,1247,1274
tomcat/java/org/apache/jasper/compiler/Validator.java,1275,1335,tomcat/java/org/apache/jasper/compiler/Validator.java,1275,1335
tomcat/java/org/apache/jasper/runtime/JspContextWrapper.java,403,423,tomcat/java/org/apache/jasper/runtime/JspContextWrapper.java,403,423
tomcat/java/org/apache/jasper/runtime/JspFactoryImpl.java,98,109,tomcat/java/org/apache/jasper/runtime/JspFactoryImpl.java,98,109
tomcat/java/org/apache/jasper/servlet/TldScanner.java,220,249,tomcat/java/org/apache/jasper/servlet/TldScanner.java,220,249
tomcat/java/org/apache/jasper/tagplugins/jstl/Util.java,227,239,tomcat/java/org/apache/jasper/tagplugins/jstl/Util.java,227,239
tomcat/java/org/apache/jasper/util/FastRemovalDequeue.java,49,64,tomcat/java/org/apache/jasper/util/FastRemovalDequeue.java,65,80
tomcat/java/org/apache/jasper/util/FastRemovalDequeue.java,100,116,tomcat/java/org/apache/jasper/util/FastRemovalDequeue.java,117,133
tomcat/java/org/apache/jasper/xmlparser/XMLEncodingDetector.java,570,592,tomcat/java/org/apache/jasper/xmlparser/XMLEncodingDetector.java,570,592
tomcat/java/org/apache/jasper/xmlparser/XMLEncodingDetector.java,593,620,tomcat/java/org/apache/jasper/xmlparser/XMLEncodingDetector.java,593,620
tomcat/java/org/apache/jasper/xmlparser/XMLEncodingDetector.java,621,645,tomcat/java/org/apache/jasper/xmlparser/XMLEncodingDetector.java,621,645
tomcat/java/org/apache/jasper/xmlparser/XMLEncodingDetector.java,646,656,tomcat/java/org/apache/jasper/xmlparser/XMLEncodingDetector.java,646,656
tomcat/java/org/apache/juli/AsyncFileHandler.java,93,106,tomcat/java/org/apache/juli/AsyncFileHandler.java,93,106
tomcat/java/org/apache/juli/ClassLoaderLogManager.java,428,451,tomcat/java/org/apache/juli/ClassLoaderLogManager.java,428,451
tomcat/java/org/apache/juli/OneLineFormatter.java,21,31,tomcat/java/org/apache/juli/OneLineFormatter.java,21,31
tomcat/java/org/apache/naming/factory/DataSourceLinkFactory.java,72,90,tomcat/java/org/apache/naming/factory/DataSourceLinkFactory.java,72,90
tomcat/java/org/apache/tomcat/dbcp/dbcp2/datasources/PerUserPoolDataSource.java,54,63,tomcat/java/org/apache/tomcat/dbcp/dbcp2/datasources/PerUserPoolDataSource.java,378,387
tomcat/java/org/apache/tomcat/dbcp/dbcp2/datasources/PerUserPoolDataSource.java,54,63,tomcat/java/org/apache/tomcat/dbcp/dbcp2/datasources/PerUserPoolDataSource.java,326,335
tomcat/java/org/apache/tomcat/dbcp/dbcp2/datasources/PerUserPoolDataSource.java,54,63,tomcat/java/org/apache/tomcat/dbcp/dbcp2/datasources/PerUserPoolDataSource.java,110,119
tomcat/java/org/apache/tomcat/dbcp/dbcp2/datasources/PerUserPoolDataSource.java,54,63,tomcat/java/org/apache/tomcat/dbcp/dbcp2/datasources/PerUserPoolDataSource.java,352,361
tomcat/java/org/apache/tomcat/dbcp/dbcp2/datasources/PerUserPoolDataSource.java,54,63,tomcat/java/org/apache/tomcat/dbcp/dbcp2/datasources/PerUserPoolDataSource.java,405,414
tomcat/java/org/apache/tomcat/dbcp/dbcp2/datasources/PerUserPoolDataSource.java,326,335,tomcat/java/org/apache/tomcat/dbcp/dbcp2/datasources/PerUserPoolDataSource.java,378,387
tomcat/java/org/apache/tomcat/dbcp/dbcp2/datasources/PerUserPoolDataSource.java,110,119,tomcat/java/org/apache/tomcat/dbcp/dbcp2/datasources/PerUserPoolDataSource.java,378,387
tomcat/java/org/apache/tomcat/dbcp/dbcp2/datasources/PerUserPoolDataSource.java,352,361,tomcat/java/org/apache/tomcat/dbcp/dbcp2/datasources/PerUserPoolDataSource.java,378,387
tomcat/java/org/apache/tomcat/dbcp/dbcp2/datasources/PerUserPoolDataSource.java,378,387,tomcat/java/org/apache/tomcat/dbcp/dbcp2/datasources/PerUserPoolDataSource.java,405,414
tomcat/java/org/apache/tomcat/dbcp/dbcp2/datasources/PerUserPoolDataSource.java,110,119,tomcat/java/org/apache/tomcat/dbcp/dbcp2/datasources/PerUserPoolDataSource.java,326,335
tomcat/java/org/apache/tomcat/dbcp/dbcp2/datasources/PerUserPoolDataSource.java,326,335,tomcat/java/org/apache/tomcat/dbcp/dbcp2/datasources/PerUserPoolDataSource.java,352,361
tomcat/java/org/apache/tomcat/dbcp/dbcp2/datasources/PerUserPoolDataSource.java,326,335,tomcat/java/org/apache/tomcat/dbcp/dbcp2/datasources/PerUserPoolDataSource.java,405,414
tomcat/java/org/apache/tomcat/dbcp/dbcp2/datasources/PerUserPoolDataSource.java,110,119,tomcat/java/org/apache/tomcat/dbcp/dbcp2/datasources/PerUserPoolDataSource.java,352,361
tomcat/java/org/apache/tomcat/dbcp/dbcp2/datasources/PerUserPoolDataSource.java,110,119,tomcat/java/org/apache/tomcat/dbcp/dbcp2/datasources/PerUserPoolDataSource.java,405,414
tomcat/java/org/apache/tomcat/dbcp/dbcp2/datasources/PerUserPoolDataSource.java,352,361,tomcat/java/org/apache/tomcat/dbcp/dbcp2/datasources/PerUserPoolDataSource.java,405,414
tomcat/java/org/apache/tomcat/dbcp/dbcp2/datasources/PerUserPoolDataSource.java,136,145,tomcat/java/org/apache/tomcat/dbcp/dbcp2/datasources/PerUserPoolDataSource.java,270,279
tomcat/java/org/apache/tomcat/dbcp/dbcp2/datasources/PerUserPoolDataSource.java,136,145,tomcat/java/org/apache/tomcat/dbcp/dbcp2/datasources/PerUserPoolDataSource.java,244,253
tomcat/java/org/apache/tomcat/dbcp/dbcp2/datasources/PerUserPoolDataSource.java,136,145,tomcat/java/org/apache/tomcat/dbcp/dbcp2/datasources/PerUserPoolDataSource.java,162,171
tomcat/java/org/apache/tomcat/dbcp/dbcp2/datasources/PerUserPoolDataSource.java,244,253,tomcat/java/org/apache/tomcat/dbcp/dbcp2/datasources/PerUserPoolDataSource.java,270,279
tomcat/java/org/apache/tomcat/dbcp/dbcp2/datasources/PerUserPoolDataSource.java,162,171,tomcat/java/org/apache/tomcat/dbcp/dbcp2/datasources/PerUserPoolDataSource.java,270,279
tomcat/java/org/apache/tomcat/dbcp/dbcp2/datasources/PerUserPoolDataSource.java,162,171,tomcat/java/org/apache/tomcat/dbcp/dbcp2/datasources/PerUserPoolDataSource.java,244,253
tomcat/java/org/apache/tomcat/dbcp/dbcp2/datasources/PerUserPoolDataSource.java,188,197,tomcat/java/org/apache/tomcat/dbcp/dbcp2/datasources/PerUserPoolDataSource.java,215,224
tomcat/java/org/apache/tomcat/dbcp/dbcp2/datasources/PerUserPoolDataSource.java,188,197,tomcat/java/org/apache/tomcat/dbcp/dbcp2/datasources/PerUserPoolDataSource.java,298,307
tomcat/java/org/apache/tomcat/dbcp/dbcp2/datasources/PerUserPoolDataSource.java,188,197,tomcat/java/org/apache/tomcat/dbcp/dbcp2/datasources/PerUserPoolDataSource.java,432,441
tomcat/java/org/apache/tomcat/dbcp/dbcp2/datasources/PerUserPoolDataSource.java,215,224,tomcat/java/org/apache/tomcat/dbcp/dbcp2/datasources/PerUserPoolDataSource.java,298,307
tomcat/java/org/apache/tomcat/dbcp/dbcp2/datasources/PerUserPoolDataSource.java,215,224,tomcat/java/org/apache/tomcat/dbcp/dbcp2/datasources/PerUserPoolDataSource.java,432,441
tomcat/java/org/apache/tomcat/dbcp/dbcp2/datasources/PerUserPoolDataSource.java,298,307,tomcat/java/org/apache/tomcat/dbcp/dbcp2/datasources/PerUserPoolDataSource.java,432,441
tomcat/java/org/apache/tomcat/dbcp/dbcp2/DelegatingConnection.java,161,173,tomcat/java/org/apache/tomcat/dbcp/dbcp2/DelegatingConnection.java,189,201
tomcat/java/org/apache/tomcat/dbcp/dbcp2/DelegatingConnection.java,174,188,tomcat/java/org/apache/tomcat/dbcp/dbcp2/DelegatingConnection.java,202,216
tomcat/java/org/apache/tomcat/dbcp/dbcp2/DelegatingConnection.java,238,251,tomcat/java/org/apache/tomcat/dbcp/dbcp2/DelegatingConnection.java,302,315
tomcat/java/org/apache/tomcat/dbcp/dbcp2/DelegatingConnection.java,351,363,tomcat/java/org/apache/tomcat/dbcp/dbcp2/DelegatingConnection.java,373,385
tomcat/java/org/apache/tomcat/dbcp/dbcp2/DelegatingConnection.java,520,535,tomcat/java/org/apache/tomcat/dbcp/dbcp2/DelegatingConnection.java,536,551
tomcat/java/org/apache/tomcat/dbcp/dbcp2/DelegatingResultSet.java,52,61,tomcat/java/org/apache/tomcat/dbcp/dbcp2/DelegatingDatabaseMetaData.java,19,28
tomcat/java/org/apache/tomcat/dbcp/dbcp2/DelegatingStatement.java,19,28,tomcat/java/org/apache/tomcat/dbcp/dbcp2/DelegatingDatabaseMetaData.java,19,28
tomcat/java/org/apache/tomcat/dbcp/dbcp2/DelegatingStatement.java,19,28,tomcat/java/org/apache/tomcat/dbcp/dbcp2/DelegatingResultSet.java,52,61
tomcat/java/org/apache/tomcat/dbcp/pool2/impl/BaseGenericObjectPool.java,405,417,tomcat/java/org/apache/tomcat/dbcp/pool2/impl/BaseGenericObjectPool.java,405,417
tomcat/java/org/apache/tomcat/dbcp/pool2/impl/BaseGenericObjectPool.java,418,429,tomcat/java/org/apache/tomcat/dbcp/pool2/impl/BaseGenericObjectPool.java,418,429
tomcat/java/org/apache/tomcat/dbcp/pool2/impl/GenericKeyedObjectPool.java,813,826,tomcat/java/org/apache/tomcat/dbcp/pool2/impl/GenericKeyedObjectPool.java,813,826
tomcat/java/org/apache/tomcat/dbcp/pool2/impl/LinkedBlockingDeque.java,602,615,tomcat/java/org/apache/tomcat/dbcp/pool2/impl/LinkedBlockingDeque.java,602,615
tomcat/java/org/apache/tomcat/dbcp/pool2/impl/LinkedBlockingDeque.java,96,114,tomcat/java/org/apache/tomcat/dbcp/pool2/impl/LinkedBlockingDeque.java,115,133
tomcat/java/org/apache/tomcat/dbcp/pool2/impl/LinkedBlockingDeque.java,161,172,tomcat/java/org/apache/tomcat/dbcp/pool2/impl/LinkedBlockingDeque.java,173,184
tomcat/java/org/apache/tomcat/dbcp/pool2/impl/LinkedBlockingDeque.java,185,197,tomcat/java/org/apache/tomcat/dbcp/pool2/impl/LinkedBlockingDeque.java,198,210
tomcat/java/org/apache/tomcat/dbcp/pool2/impl/LinkedBlockingDeque.java,211,229,tomcat/java/org/apache/tomcat/dbcp/pool2/impl/LinkedBlockingDeque.java,230,248
tomcat/java/org/apache/tomcat/dbcp/pool2/impl/LinkedBlockingDeque.java,283,294,tomcat/java/org/apache/tomcat/dbcp/pool2/impl/LinkedBlockingDeque.java,295,306
tomcat/java/org/apache/tomcat/dbcp/pool2/impl/LinkedBlockingDeque.java,307,323,tomcat/java/org/apache/tomcat/dbcp/pool2/impl/LinkedBlockingDeque.java,324,340
tomcat/java/org/apache/tomcat/dbcp/pool2/impl/LinkedBlockingDeque.java,375,392,tomcat/java/org/apache/tomcat/dbcp/pool2/impl/LinkedBlockingDeque.java,393,410
tomcat/java/org/apache/tomcat/dbcp/pool2/PoolUtils.java,369,379,tomcat/java/org/apache/tomcat/dbcp/pool2/PoolUtils.java,369,379
tomcat/java/org/apache/tomcat/dbcp/pool2/PoolUtils.java,263,273,tomcat/java/org/apache/tomcat/dbcp/pool2/PoolUtils.java,263,273
tomcat/java/org/apache/tomcat/dbcp/pool2/PoolUtils.java,174,189,tomcat/java/org/apache/tomcat/dbcp/pool2/PoolUtils.java,174,189
tomcat/java/org/apache/tomcat/dbcp/pool2/PoolUtils.java,174,189,tomcat/java/org/apache/tomcat/dbcp/pool2/PoolUtils.java,174,189
tomcat/java/org/apache/tomcat/dbcp/pool2/PoolUtils.java,369,379,tomcat/java/org/apache/tomcat/dbcp/pool2/PoolUtils.java,380,390
tomcat/java/org/apache/tomcat/dbcp/pool2/PoolUtils.java,369,379,tomcat/java/org/apache/tomcat/dbcp/pool2/PoolUtils.java,369,379
tomcat/java/org/apache/tomcat/dbcp/pool2/PoolUtils.java,369,379,tomcat/java/org/apache/tomcat/dbcp/pool2/PoolUtils.java,380,390
tomcat/java/org/apache/tomcat/dbcp/pool2/PoolUtils.java,369,379,tomcat/java/org/apache/tomcat/dbcp/pool2/PoolUtils.java,380,390
tomcat/java/org/apache/tomcat/dbcp/pool2/PoolUtils.java,380,390,tomcat/java/org/apache/tomcat/dbcp/pool2/PoolUtils.java,380,390
tomcat/java/org/apache/tomcat/dbcp/pool2/PoolUtils.java,369,379,tomcat/java/org/apache/tomcat/dbcp/pool2/PoolUtils.java,380,390
tomcat/java/org/apache/tomcat/dbcp/pool2/PoolUtils.java,326,336,tomcat/java/org/apache/tomcat/dbcp/pool2/PoolUtils.java,326,336
tomcat/java/org/apache/tomcat/dbcp/pool2/PoolUtils.java,326,336,tomcat/java/org/apache/tomcat/dbcp/pool2/PoolUtils.java,326,336
tomcat/java/org/apache/tomcat/dbcp/pool2/PoolUtils.java,326,336,tomcat/java/org/apache/tomcat/dbcp/pool2/PoolUtils.java,326,336
tomcat/java/org/apache/tomcat/dbcp/pool2/PoolUtils.java,326,336,tomcat/java/org/apache/tomcat/dbcp/pool2/PoolUtils.java,326,336
tomcat/java/org/apache/tomcat/dbcp/pool2/PoolUtils.java,326,336,tomcat/java/org/apache/tomcat/dbcp/pool2/PoolUtils.java,326,336
tomcat/java/org/apache/tomcat/dbcp/pool2/PoolUtils.java,326,336,tomcat/java/org/apache/tomcat/dbcp/pool2/PoolUtils.java,326,336
tomcat/java/org/apache/tomcat/dbcp/pool2/PoolUtils.java,263,273,tomcat/java/org/apache/tomcat/dbcp/pool2/PoolUtils.java,263,273
tomcat/java/org/apache/tomcat/dbcp/pool2/PoolUtils.java,263,273,tomcat/java/org/apache/tomcat/dbcp/pool2/PoolUtils.java,274,284
tomcat/java/org/apache/tomcat/dbcp/pool2/PoolUtils.java,263,273,tomcat/java/org/apache/tomcat/dbcp/pool2/PoolUtils.java,274,284
tomcat/java/org/apache/tomcat/dbcp/pool2/PoolUtils.java,263,273,tomcat/java/org/apache/tomcat/dbcp/pool2/PoolUtils.java,274,284
tomcat/java/org/apache/tomcat/dbcp/pool2/PoolUtils.java,263,273,tomcat/java/org/apache/tomcat/dbcp/pool2/PoolUtils.java,274,284
tomcat/java/org/apache/tomcat/dbcp/pool2/PoolUtils.java,274,284,tomcat/java/org/apache/tomcat/dbcp/pool2/PoolUtils.java,274,284
tomcat/java/org/apache/tomcat/util/buf/CharChunk.java,339,349,tomcat/java/org/apache/tomcat/util/buf/ByteChunk.java,398,408
tomcat/java/org/apache/tomcat/util/buf/MessageBytes.java,219,229,tomcat/java/org/apache/tomcat/util/buf/ByteChunk.java,398,408
tomcat/java/org/apache/tomcat/util/buf/MessageBytes.java,219,229,tomcat/java/org/apache/tomcat/util/buf/CharChunk.java,339,349
tomcat/java/org/apache/tomcat/util/buf/MessageBytes.java,135,149,tomcat/java/org/apache/tomcat/util/buf/MessageBytes.java,150,164
tomcat/java/org/apache/tomcat/util/buf/StringCache.java,289,322,tomcat/java/org/apache/tomcat/util/buf/StringCache.java,356,389
tomcat/java/org/apache/tomcat/util/collections/CaseInsensitiveKeyMap.java,109,122,tomcat/java/org/apache/tomcat/util/collections/CaseInsensitiveKeyMap.java,109,122
tomcat/java/org/apache/tomcat/util/collections/ManagedConcurrentWeakHashMap.java,167,186,tomcat/java/org/apache/tomcat/util/collections/ManagedConcurrentWeakHashMap.java,167,186
tomcat/java/org/apache/tomcat/util/collections/ManagedConcurrentWeakHashMap.java,167,186,tomcat/java/org/apache/tomcat/util/collections/ManagedConcurrentWeakHashMap.java,167,186
tomcat/java/org/apache/tomcat/util/collections/ManagedConcurrentWeakHashMap.java,167,186,tomcat/java/org/apache/tomcat/util/collections/ManagedConcurrentWeakHashMap.java,167,186
tomcat/java/org/apache/tomcat/util/collections/ManagedConcurrentWeakHashMap.java,39,59,tomcat/java/org/apache/tomcat/util/collections/ManagedConcurrentWeakHashMap.java,39,59
tomcat/java/org/apache/tomcat/util/descriptor/tld/TldRuleSet.java,130,170,tomcat/java/org/apache/tomcat/util/descriptor/tld/TldRuleSet.java,130,170
tomcat/java/org/apache/tomcat/util/descriptor/tld/TldRuleSet.java,192,221,tomcat/java/org/apache/tomcat/util/descriptor/tld/TldRuleSet.java,192,221
tomcat/java/org/apache/tomcat/util/descriptor/tld/TldRuleSet.java,253,265,tomcat/java/org/apache/tomcat/util/descriptor/tld/TldRuleSet.java,253,265
tomcat/java/org/apache/tomcat/util/descriptor/web/ContextLocalEjb.java,62,96,tomcat/java/org/apache/tomcat/util/descriptor/web/ContextEjb.java,62,96
tomcat/java/org/apache/tomcat/util/descriptor/web/MessageDestination.java,61,95,tomcat/java/org/apache/tomcat/util/descriptor/web/ContextEjb.java,62,96
tomcat/java/org/apache/tomcat/util/descriptor/web/MessageDestination.java,61,95,tomcat/java/org/apache/tomcat/util/descriptor/web/ContextLocalEjb.java,62,96
tomcat/java/org/apache/tomcat/util/descriptor/web/MessageDestinationRef.java,50,77,tomcat/java/org/apache/tomcat/util/descriptor/web/ContextResourceLink.java,42,69
tomcat/java/org/apache/tomcat/util/descriptor/web/SecurityCollection.java,48,58,tomcat/java/org/apache/tomcat/util/descriptor/web/SecurityCollection.java,59,69
tomcat/java/org/apache/tomcat/util/descriptor/web/SecurityCollection.java,123,144,tomcat/java/org/apache/tomcat/util/descriptor/web/SecurityCollection.java,145,166
tomcat/java/org/apache/tomcat/util/descriptor/web/SecurityCollection.java,123,144,tomcat/java/org/apache/tomcat/util/descriptor/web/SecurityCollection.java,167,188
tomcat/java/org/apache/tomcat/util/descriptor/web/SecurityConstraint.java,181,203,tomcat/java/org/apache/tomcat/util/descriptor/web/SecurityCollection.java,123,144
tomcat/java/org/apache/tomcat/util/descriptor/web/SecurityCollection.java,145,166,tomcat/java/org/apache/tomcat/util/descriptor/web/SecurityCollection.java,167,188
tomcat/java/org/apache/tomcat/util/descriptor/web/SecurityConstraint.java,181,203,tomcat/java/org/apache/tomcat/util/descriptor/web/SecurityCollection.java,145,166
tomcat/java/org/apache/tomcat/util/descriptor/web/SecurityConstraint.java,181,203,tomcat/java/org/apache/tomcat/util/descriptor/web/SecurityCollection.java,167,188
tomcat/java/org/apache/tomcat/util/descriptor/web/WebXml.java,1988,1999,tomcat/java/org/apache/tomcat/util/descriptor/web/WebXml.java,2000,2011
tomcat/java/org/apache/tomcat/util/Diagnostics.java,121,134,tomcat/java/org/apache/tomcat/util/Diagnostics.java,135,148
tomcat/java/org/apache/tomcat/util/digester/Digester.java,59,69,tomcat/java/org/apache/tomcat/util/digester/Digester.java,59,69
tomcat/java/org/apache/tomcat/util/http/fileupload/FileUploadBase.java,389,451,tomcat/java/org/apache/tomcat/util/http/fileupload/FileUploadBase.java,389,451
tomcat/java/org/apache/tomcat/util/http/fileupload/FileUploadBase.java,459,472,tomcat/java/org/apache/tomcat/util/http/fileupload/FileUploadBase.java,459,472
tomcat/java/org/apache/tomcat/util/modeler/OperationInfo.java,51,63,tomcat/java/org/apache/tomcat/util/modeler/NotificationInfo.java,30,42
tomcat/java/org/apache/tomcat/util/net/Nio2Endpoint.java,414,426,tomcat/java/org/apache/tomcat/util/net/Nio2Endpoint.java,414,426
tomcat/java/org/apache/tomcat/util/net/Nio2Endpoint.java,414,426,tomcat/java/org/apache/tomcat/util/net/Nio2Endpoint.java,414,426
tomcat/java/org/apache/tomcat/util/net/Nio2Endpoint.java,414,426,tomcat/java/org/apache/tomcat/util/net/Nio2Endpoint.java,414,426
tomcat/java/org/apache/tomcat/util/net/Nio2Endpoint.java,712,723,tomcat/java/org/apache/tomcat/util/net/Nio2Endpoint.java,712,723
tomcat/java/org/apache/tomcat/util/net/Nio2Endpoint.java,712,723,tomcat/java/org/apache/tomcat/util/net/Nio2Endpoint.java,712,723
tomcat/java/org/apache/tomcat/util/net/Nio2Endpoint.java,712,723,tomcat/java/org/apache/tomcat/util/net/Nio2Endpoint.java,712,723
tomcat/java/org/apache/tomcat/util/net/Nio2Endpoint.java,362,413,tomcat/java/org/apache/tomcat/util/net/Nio2Endpoint.java,362,413
tomcat/java/org/apache/tomcat/util/net/Nio2Endpoint.java,471,509,tomcat/java/org/apache/tomcat/util/net/Nio2Endpoint.java,471,509
tomcat/java/org/apache/tomcat/util/net/Nio2Endpoint.java,510,521,tomcat/java/org/apache/tomcat/util/net/Nio2Endpoint.java,510,521
tomcat/java/org/apache/tomcat/util/net/Nio2Endpoint.java,524,559,tomcat/java/org/apache/tomcat/util/net/Nio2Endpoint.java,524,559
tomcat/java/org/apache/tomcat/util/net/Nio2Endpoint.java,560,571,tomcat/java/org/apache/tomcat/util/net/Nio2Endpoint.java,560,571
tomcat/java/org/apache/tomcat/util/net/Nio2Endpoint.java,588,606,tomcat/java/org/apache/tomcat/util/net/Nio2Endpoint.java,588,606
tomcat/java/org/apache/tomcat/util/net/Nio2Endpoint.java,830,850,tomcat/java/org/apache/tomcat/util/net/Nio2Endpoint.java,857,877
tomcat/java/org/apache/tomcat/util/net/Nio2Endpoint.java,830,850,tomcat/java/org/apache/tomcat/util/net/Nio2Endpoint.java,830,850
tomcat/java/org/apache/tomcat/util/net/Nio2Endpoint.java,830,850,tomcat/java/org/apache/tomcat/util/net/Nio2Endpoint.java,857,877
tomcat/java/org/apache/tomcat/util/net/Nio2Endpoint.java,830,850,tomcat/java/org/apache/tomcat/util/net/Nio2Endpoint.java,857,877
tomcat/java/org/apache/tomcat/util/net/Nio2Endpoint.java,857,877,tomcat/java/org/apache/tomcat/util/net/Nio2Endpoint.java,857,877
tomcat/java/org/apache/tomcat/util/net/Nio2Endpoint.java,830,850,tomcat/java/org/apache/tomcat/util/net/Nio2Endpoint.java,857,877
tomcat/java/org/apache/tomcat/util/net/Nio2Endpoint.java,882,913,tomcat/java/org/apache/tomcat/util/net/Nio2Endpoint.java,882,913
tomcat/java/org/apache/tomcat/util/net/Nio2Endpoint.java,914,930,tomcat/java/org/apache/tomcat/util/net/Nio2Endpoint.java,914,930
tomcat/java/org/apache/tomcat/util/net/Nio2Endpoint.java,931,945,tomcat/java/org/apache/tomcat/util/net/Nio2Endpoint.java,931,945
tomcat/java/org/apache/tomcat/util/net/Nio2Endpoint.java,946,968,tomcat/java/org/apache/tomcat/util/net/Nio2Endpoint.java,946,968
tomcat/java/org/apache/tomcat/util/net/Nio2Endpoint.java,969,981,tomcat/java/org/apache/tomcat/util/net/Nio2Endpoint.java,969,981
tomcat/java/org/apache/tomcat/util/net/Nio2Endpoint.java,986,1020,tomcat/java/org/apache/tomcat/util/net/Nio2Endpoint.java,986,1020
tomcat/java/org/apache/tomcat/util/net/Nio2Endpoint.java,1034,1044,tomcat/java/org/apache/tomcat/util/net/Nio2Endpoint.java,1034,1044
tomcat/java/org/apache/tomcat/util/net/Nio2Endpoint.java,1034,1044,tomcat/java/org/apache/tomcat/util/net/Nio2Endpoint.java,1045,1055
tomcat/java/org/apache/tomcat/util/net/Nio2Endpoint.java,1034,1044,tomcat/java/org/apache/tomcat/util/net/Nio2Endpoint.java,1045,1055
tomcat/java/org/apache/tomcat/util/net/Nio2Endpoint.java,1034,1044,tomcat/java/org/apache/tomcat/util/net/Nio2Endpoint.java,1045,1055
tomcat/java/org/apache/tomcat/util/net/Nio2Endpoint.java,1034,1044,tomcat/java/org/apache/tomcat/util/net/Nio2Endpoint.java,1045,1055
tomcat/java/org/apache/tomcat/util/net/Nio2Endpoint.java,1045,1055,tomcat/java/org/apache/tomcat/util/net/Nio2Endpoint.java,1045,1055
tomcat/java/org/apache/tomcat/util/net/Nio2Endpoint.java,1096,1136,tomcat/java/org/apache/tomcat/util/net/Nio2Endpoint.java,1096,1136
tomcat/java/org/apache/tomcat/util/net/Nio2Endpoint.java,1151,1161,tomcat/java/org/apache/tomcat/util/net/Nio2Endpoint.java,1151,1161
tomcat/java/org/apache/tomcat/util/net/Nio2Endpoint.java,728,760,tomcat/java/org/apache/tomcat/util/net/Nio2Endpoint.java,728,760
tomcat/java/org/apache/tomcat/util/net/Nio2Endpoint.java,761,778,tomcat/java/org/apache/tomcat/util/net/Nio2Endpoint.java,761,778
tomcat/java/org/apache/tomcat/util/net/Nio2Endpoint.java,728,760,tomcat/java/org/apache/tomcat/util/net/Nio2Endpoint.java,728,760
tomcat/java/org/apache/tomcat/util/net/Nio2Endpoint.java,761,778,tomcat/java/org/apache/tomcat/util/net/Nio2Endpoint.java,761,778
tomcat/java/org/apache/tomcat/util/net/NioBlockingSelector.java,175,184,tomcat/java/org/apache/tomcat/util/net/NioBlockingSelector.java,175,184
tomcat/java/org/apache/tomcat/util/net/NioBlockingSelector.java,190,201,tomcat/java/org/apache/tomcat/util/net/NioBlockingSelector.java,190,201
tomcat/java/org/apache/tomcat/util/net/NioBlockingSelector.java,202,233,tomcat/java/org/apache/tomcat/util/net/NioBlockingSelector.java,202,233
tomcat/java/org/apache/tomcat/util/net/NioBlockingSelector.java,234,283,tomcat/java/org/apache/tomcat/util/net/NioBlockingSelector.java,234,283
tomcat/java/org/apache/tomcat/util/net/NioBlockingSelector.java,284,293,tomcat/java/org/apache/tomcat/util/net/NioBlockingSelector.java,284,293
tomcat/java/org/apache/tomcat/util/net/NioEndpoint.java,862,876,tomcat/java/org/apache/tomcat/util/net/NioEndpoint.java,862,876
tomcat/java/org/apache/tomcat/util/net/NioEndpoint.java,877,896,tomcat/java/org/apache/tomcat/util/net/NioEndpoint.java,877,896
tomcat/java/org/apache/tomcat/util/net/NioEndpoint.java,909,937,tomcat/java/org/apache/tomcat/util/net/NioEndpoint.java,909,937
tomcat/java/org/apache/tomcat/util/net/NioEndpoint.java,938,961,tomcat/java/org/apache/tomcat/util/net/NioEndpoint.java,938,961
tomcat/java/org/apache/tomcat/util/scan/StandardJarScanFilter.java,47,56,tomcat/java/org/apache/tomcat/util/scan/StandardJarScanFilter.java,79,88
tomcat/java/org/apache/tomcat/util/scan/StandardJarScanFilter.java,47,56,tomcat/java/org/apache/tomcat/util/scan/StandardJarScanFilter.java,92,101
tomcat/java/org/apache/tomcat/util/scan/StandardJarScanFilter.java,47,56,tomcat/java/org/apache/tomcat/util/scan/StandardJarScanFilter.java,60,69
tomcat/java/org/apache/tomcat/util/scan/StandardJarScanFilter.java,79,88,tomcat/java/org/apache/tomcat/util/scan/StandardJarScanFilter.java,92,101
tomcat/java/org/apache/tomcat/util/scan/StandardJarScanFilter.java,60,69,tomcat/java/org/apache/tomcat/util/scan/StandardJarScanFilter.java,79,88
tomcat/java/org/apache/tomcat/util/scan/StandardJarScanFilter.java,60,69,tomcat/java/org/apache/tomcat/util/scan/StandardJarScanFilter.java,92,101
tomcat/java/org/apache/tomcat/websocket/server/WsWriteTimeout.java,60,72,tomcat/java/org/apache/tomcat/websocket/server/WsWriteTimeout.java,60,72
tomcat/modules/jdbc-pool/src/main/java/org/apache/tomcat/jdbc/pool/ConnectionPool.java,800,826,tomcat/modules/jdbc-pool/src/main/java/org/apache/tomcat/jdbc/pool/ConnectionPool.java,800,826
tomcat/modules/jdbc-pool/src/main/java/org/apache/tomcat/jdbc/pool/FairBlockingQueue.java,288,299,tomcat/modules/jdbc-pool/src/main/java/org/apache/tomcat/jdbc/pool/FairBlockingQueue.java,288,299
tomcat/modules/jdbc-pool/src/main/java/org/apache/tomcat/jdbc/pool/FairBlockingQueue.java,237,247,tomcat/modules/jdbc-pool/src/main/java/org/apache/tomcat/jdbc/pool/FairBlockingQueue.java,237,247
tomcat/modules/jdbc-pool/src/main/java/org/apache/tomcat/jdbc/pool/MultiLockFairBlockingQueue.java,248,258,tomcat/modules/jdbc-pool/src/main/java/org/apache/tomcat/jdbc/pool/FairBlockingQueue.java,237,247
tomcat/modules/jdbc-pool/src/main/java/org/apache/tomcat/jdbc/pool/MultiLockFairBlockingQueue.java,248,258,tomcat/modules/jdbc-pool/src/main/java/org/apache/tomcat/jdbc/pool/FairBlockingQueue.java,237,247
tomcat/modules/jdbc-pool/src/main/java/org/apache/tomcat/jdbc/pool/MultiLockFairBlockingQueue.java,248,258,tomcat/modules/jdbc-pool/src/main/java/org/apache/tomcat/jdbc/pool/FairBlockingQueue.java,237,247
tomcat/modules/jdbc-pool/src/main/java/org/apache/tomcat/jdbc/pool/MultiLockFairBlockingQueue.java,248,258,tomcat/modules/jdbc-pool/src/main/java/org/apache/tomcat/jdbc/pool/FairBlockingQueue.java,237,247
tomcat/modules/jdbc-pool/src/main/java/org/apache/tomcat/jdbc/pool/MultiLockFairBlockingQueue.java,248,258,tomcat/modules/jdbc-pool/src/main/java/org/apache/tomcat/jdbc/pool/MultiLockFairBlockingQueue.java,248,258
tomcat/modules/jdbc-pool/src/main/java/org/apache/tomcat/jdbc/pool/MultiLockFairBlockingQueue.java,259,273,tomcat/modules/jdbc-pool/src/main/java/org/apache/tomcat/jdbc/pool/FairBlockingQueue.java,248,262
tomcat/modules/jdbc-pool/src/main/java/org/apache/tomcat/jdbc/pool/FairBlockingQueue.java,248,262,tomcat/modules/jdbc-pool/src/main/java/org/apache/tomcat/jdbc/pool/FairBlockingQueue.java,248,262
tomcat/modules/jdbc-pool/src/main/java/org/apache/tomcat/jdbc/pool/MultiLockFairBlockingQueue.java,259,273,tomcat/modules/jdbc-pool/src/main/java/org/apache/tomcat/jdbc/pool/FairBlockingQueue.java,248,262
tomcat/modules/jdbc-pool/src/main/java/org/apache/tomcat/jdbc/pool/MultiLockFairBlockingQueue.java,259,273,tomcat/modules/jdbc-pool/src/main/java/org/apache/tomcat/jdbc/pool/FairBlockingQueue.java,248,262
tomcat/modules/jdbc-pool/src/main/java/org/apache/tomcat/jdbc/pool/MultiLockFairBlockingQueue.java,259,273,tomcat/modules/jdbc-pool/src/main/java/org/apache/tomcat/jdbc/pool/MultiLockFairBlockingQueue.java,259,273
tomcat/modules/jdbc-pool/src/main/java/org/apache/tomcat/jdbc/pool/MultiLockFairBlockingQueue.java,259,273,tomcat/modules/jdbc-pool/src/main/java/org/apache/tomcat/jdbc/pool/FairBlockingQueue.java,248,262
tomcat/modules/jdbc-pool/src/main/java/org/apache/tomcat/jdbc/pool/interceptor/SlowQueryReport.java,258,287,tomcat/modules/jdbc-pool/src/main/java/org/apache/tomcat/jdbc/pool/interceptor/SlowQueryReport.java,258,287
tomcat/modules/jdbc-pool/src/main/java/org/apache/tomcat/jdbc/pool/interceptor/SlowQueryReport.java,311,323,tomcat/modules/jdbc-pool/src/main/java/org/apache/tomcat/jdbc/pool/interceptor/SlowQueryReport.java,311,323
tomcat/modules/jdbc-pool/src/main/java/org/apache/tomcat/jdbc/pool/interceptor/StatementCache.java,255,278,tomcat/modules/jdbc-pool/src/main/java/org/apache/tomcat/jdbc/pool/interceptor/StatementCache.java,255,278
tomcat/modules/jdbc-pool/src/main/java/org/apache/tomcat/jdbc/pool/interceptor/StatementDecoratorInterceptor.java,139,179,tomcat/modules/jdbc-pool/src/main/java/org/apache/tomcat/jdbc/pool/interceptor/StatementDecoratorInterceptor.java,139,179
tomcat/modules/jdbc-pool/src/main/java/org/apache/tomcat/jdbc/pool/interceptor/StatementDecoratorInterceptor.java,139,179,tomcat/modules/jdbc-pool/src/main/java/org/apache/tomcat/jdbc/pool/interceptor/StatementDecoratorInterceptor.java,139,179
tomcat/modules/jdbc-pool/src/main/java/org/apache/tomcat/jdbc/pool/interceptor/StatementDecoratorInterceptor.java,180,193,tomcat/modules/jdbc-pool/src/main/java/org/apache/tomcat/jdbc/pool/interceptor/StatementDecoratorInterceptor.java,180,193
tomcat/modules/jdbc-pool/src/main/java/org/apache/tomcat/jdbc/pool/jmx/ConnectionPool.java,385,395,tomcat/modules/jdbc-pool/src/main/java/org/apache/tomcat/jdbc/pool/jmx/ConnectionPool.java,420,430
tomcat/modules/jdbc-pool/src/main/java/org/apache/tomcat/jdbc/pool/jmx/ConnectionPool.java,409,419,tomcat/modules/jdbc-pool/src/main/java/org/apache/tomcat/jdbc/pool/jmx/ConnectionPool.java,443,453
tomcat/modules/jdbc-pool/src/main/java/org/apache/tomcat/jdbc/pool/PoolProperties.java,575,585,tomcat/modules/jdbc-pool/src/main/java/org/apache/tomcat/jdbc/pool/PoolProperties.java,575,585
tomcat/modules/jdbc-pool/src/main/java/org/apache/tomcat/jdbc/pool/PoolProperties.java,586,595,tomcat/modules/jdbc-pool/src/main/java/org/apache/tomcat/jdbc/pool/PoolProperties.java,586,595
tomcat/modules/jdbc-pool/src/main/java/org/apache/tomcat/jdbc/pool/PoolProperties.java,596,605,tomcat/modules/jdbc-pool/src/main/java/org/apache/tomcat/jdbc/pool/PoolProperties.java,596,605
tomcat/modules/jdbc-pool/src/main/java/org/apache/tomcat/jdbc/pool/PoolProperties.java,606,615,tomcat/modules/jdbc-pool/src/main/java/org/apache/tomcat/jdbc/pool/PoolProperties.java,606,615
tomcat/modules/jdbc-pool/src/main/java/org/apache/tomcat/jdbc/pool/PoolProperties.java,616,625,tomcat/modules/jdbc-pool/src/main/java/org/apache/tomcat/jdbc/pool/PoolProperties.java,616,625
tomcat/modules/jdbc-pool/src/main/java/org/apache/tomcat/jdbc/pool/PoolProperties.java,626,635,tomcat/modules/jdbc-pool/src/main/java/org/apache/tomcat/jdbc/pool/PoolProperties.java,626,635
tomcat/modules/jdbc-pool/src/main/java/org/apache/tomcat/jdbc/pool/PoolProperties.java,636,645,tomcat/modules/jdbc-pool/src/main/java/org/apache/tomcat/jdbc/pool/PoolProperties.java,636,645
tomcat/modules/jdbc-pool/src/main/java/org/apache/tomcat/jdbc/pool/PoolProperties.java,650,660,tomcat/modules/jdbc-pool/src/main/java/org/apache/tomcat/jdbc/pool/PoolProperties.java,650,660
tomcat/webapps/examples/WEB-INF/classes/async/Stockticker.java,127,138,tomcat/webapps/examples/WEB-INF/classes/async/Stockticker.java,127,138
tomcat/webapps/examples/WEB-INF/classes/nonblocking/NumberWriter.java,60,75,tomcat/webapps/examples/WEB-INF/classes/nonblocking/NumberWriter.java,60,75
tomcat/webapps/examples/WEB-INF/classes/websocket/echo/EchoAnnotation.java,10,22,tomcat/webapps/examples/WEB-INF/classes/websocket/echo/EchoAnnotation.java,23,36
