cf1,start,end,cf2,start,end,set,clone?,type
jfreechart/src/main/java/org/jfree/chart/renderer/xy/AbstractXYItemRenderer.java,657,670,jfreechart/src/main/java/org/jfree/chart/renderer/category/AbstractCategoryItemRenderer.java,704,718,decomp,TP,T1
jfreechart/src/main/java/org/jfree/chart/axis/LogAxis.java,212,231,jfreechart/src/main/java/org/jfree/chart/axis/DateAxis.java,1189,1213,decomp,TP,T1
jfreechart/src/main/java/org/jfree/chart/axis/NumberAxis.java,343,367,jfreechart/src/main/java/org/jfree/chart/axis/DateAxis.java,1189,1213,decomp,TP,T1
jfreechart/src/main/java/org/jfree/chart/event/ChartChangeEventType.java,63,72,jfreechart/src/main/java/org/jfree/chart/axis/AxisLabelLocation.java,40,51,decomp,TP,T2
jfreechart/src/main/java/org/jfree/chart/renderer/xy/AbstractXYItemRenderer.java,265,282,jfreechart/src/main/java/org/jfree/chart/renderer/category/AbstractCategoryItemRenderer.java,332,350,decomp,TP,T2
jfreechart/src/main/java/org/jfree/chart/renderer/xy/XYBlockRenderer.java,150,160,jfreechart/src/main/java/org/jfree/chart/renderer/xy/XYBlockRenderer.java,164,176,decomp,TP,T2
jfreechart/src/main/java/org/jfree/chart/plot/XYPlot.java,1336,1348,jfreechart/src/main/java/org/jfree/chart/plot/CategoryPlot.java,1515,1528,decomp,TP,T2
jfreechart/src/main/java/org/jfree/data/DomainOrder.java,62,71,jfreechart/src/main/java/org/jfree/chart/axis/AxisLabelLocation.java,40,51,decomp,TP,T2
jfreechart/src/main/java/org/jfree/chart/plot/XYPlot.java,1323,1335,jfreechart/src/main/java/org/jfree/chart/plot/CategoryPlot.java,1501,1514,decomp,TP,T2
jfreechart/src/main/java/org/jfree/chart/block/LengthConstraintType.java,63,72,jfreechart/src/main/java/org/jfree/chart/axis/AxisLabelLocation.java,40,51,decomp,TP,T2
jfreechart/src/main/java/org/jfree/data/statistics/HistogramType.java,72,81,jfreechart/src/main/java/org/jfree/chart/axis/AxisLabelLocation.java,40,51,decomp,TP,T2
jfreechart/src/main/java/org/jfree/data/RangeType.java,63,72,jfreechart/src/main/java/org/jfree/chart/axis/AxisLabelLocation.java,40,51,decomp,TP,T2
jfreechart/src/main/java/org/jfree/chart/axis/CategoryAnchor.java,57,66,jfreechart/src/main/java/org/jfree/chart/axis/AxisLabelLocation.java,40,51,decomp,TP,T2
jfreechart/src/main/java/org/jfree/chart/plot/DialShape.java,60,69,jfreechart/src/main/java/org/jfree/chart/axis/AxisLabelLocation.java,40,51,decomp,TP,T2
jfreechart/src/main/java/org/jfree/chart/plot/XYPlot.java,1336,1348,jfreechart/src/main/java/org/jfree/chart/plot/CategoryPlot.java,1501,1514,decomp,TP,T2
jfreechart/src/main/java/org/jfree/chart/axis/DateTickMarkPosition.java,59,68,jfreechart/src/main/java/org/jfree/chart/axis/AxisLabelLocation.java,40,51,decomp,TP,T2
jfreechart/src/main/java/org/jfree/chart/plot/XYPlot.java,1323,1335,jfreechart/src/main/java/org/jfree/chart/plot/CategoryPlot.java,1515,1528,decomp,TP,T2
jfreechart/src/main/java/org/jfree/data/time/TimePeriodAnchor.java,66,75,jfreechart/src/main/java/org/jfree/chart/axis/AxisLabelLocation.java,40,51,decomp,TP,T2
jfreechart/src/main/java/org/jfree/chart/plot/CategoryPlot.java,255,271,jfreechart/src/main/java/org/jfree/chart/plot/CategoryPlot.java,369,385,decomp,TP,T2
jfreechart/src/main/java/org/jfree/chart/util/XYCoordinateType.java,33,42,jfreechart/src/main/java/org/jfree/chart/axis/AxisLabelLocation.java,40,51,decomp,TP,T2
jfreechart/src/main/java/org/jfree/chart/plot/PolarPlot.java,258,272,jfreechart/src/main/java/org/jfree/chart/plot/CategoryPlot.java,369,385,decomp,TP,T3
jfreechart/src/main/java/org/jfree/data/time/Quarter.java,131,143,jfreechart/src/main/java/org/jfree/data/time/Month.java,112,124,decomp,TP,T3
jfreechart/src/main/java/org/jfree/chart/plot/PolarPlot.java,157,173,jfreechart/src/main/java/org/jfree/chart/plot/PolarPlot.java,258,272,decomp,TP,T3
jfreechart/src/main/java/org/jfree/chart/plot/XYPlot.java,386,402,jfreechart/src/main/java/org/jfree/chart/plot/PolarPlot.java,258,272,decomp,TP,T3
jfreechart/src/main/java/org/jfree/chart/plot/XYPlot.java,795,811,jfreechart/src/main/java/org/jfree/chart/plot/CategoryPlot.java,1021,1041,decomp,TP,T3
jfreechart/src/main/java/org/jfree/chart/renderer/xy/XYShapeRenderer.java,175,186,jfreechart/src/main/java/org/jfree/chart/renderer/xy/XYBlockRenderer.java,164,176,decomp,TP,T3
jfreechart/src/main/java/org/jfree/chart/plot/dial/DialPlot.java,175,186,jfreechart/src/main/java/org/jfree/chart/plot/PolarPlot.java,217,228,decomp,TP,T3
jfreechart/src/main/java/org/jfree/data/time/Quarter.java,147,159,jfreechart/src/main/java/org/jfree/data/time/Month.java,128,140,decomp,TP,T3
jfreechart/src/main/java/org/jfree/data/general/DatasetUtilities.java,903,935,jfreechart/src/main/java/org/jfree/data/general/DatasetUtilities.java,1032,1065,decomp,TP,T3
jfreechart/src/main/java/org/jfree/chart/renderer/xy/XYShapeRenderer.java,160,171,jfreechart/src/main/java/org/jfree/chart/renderer/xy/XYBlockRenderer.java,164,176,decomp,TP,T3
jfreechart/src/main/java/org/jfree/chart/plot/XYPlot.java,795,811,jfreechart/src/main/java/org/jfree/chart/plot/CategoryPlot.java,894,914,decomp,TP,T3
jfreechart/src/main/java/org/jfree/chart/plot/XYPlot.java,261,277,jfreechart/src/main/java/org/jfree/chart/plot/PolarPlot.java,258,272,decomp,TP,T3
jfreechart/src/main/java/org/jfree/chart/plot/PolarPlot.java,258,272,jfreechart/src/main/java/org/jfree/chart/plot/CategoryPlot.java,255,271,decomp,TP,T3
jfreechart/src/main/java/org/jfree/data/general/DatasetUtilities.java,903,935,jfreechart/src/main/java/org/jfree/data/general/DatasetUtilities.java,967,1000,decomp,TP,T3
jfreechart/src/main/java/org/jfree/data/general/DatasetUtilities.java,870,902,jfreechart/src/main/java/org/jfree/data/general/DatasetUtilities.java,1032,1065,decomp,TP,T3
jfreechart/src/main/java/org/jfree/chart/axis/AxisLocation.java,93,104,jfreechart/src/main/java/org/jfree/chart/axis/AxisLabelLocation.java,40,51,decomp,TP,T3
jfreechart/src/main/java/org/jfree/data/general/DatasetUtilities.java,870,902,jfreechart/src/main/java/org/jfree/data/general/DatasetUtilities.java,967,1000,decomp,TP,T3
jfreechart/src/main/java/org/jfree/data/xy/XYDataItem.java,70,95,jfreechart/src/main/java/org/jfree/data/time/FixedMillisecond.java,86,115,decomp,TP,T3
jfreechart/src/main/java/org/jfree/data/xy/XYSeries.java,466,485,jfreechart/src/main/java/org/jfree/data/time/TimePeriodValues.java,294,313,decomp,TP,T3
jfreechart/src/main/java/org/jfree/chart/plot/XYPlot.java,904,920,jfreechart/src/main/java/org/jfree/chart/plot/CategoryPlot.java,1021,1041,decomp,TP,T3
jfreechart/src/main/java/org/jfree/chart/plot/XYPlot.java,904,920,jfreechart/src/main/java/org/jfree/chart/plot/CategoryPlot.java,894,914,decomp,TP,T3
jfreechart/src/main/java/org/jfree/data/time/Week.java,134,152,jfreechart/src/main/java/org/jfree/data/time/Quarter.java,131,143,decomp,TP,T3
jfreechart/src/main/java/org/jfree/chart/labels/StandardCrosshairLabelGenerator.java,13,26,jfreechart/src/main/java/org/jfree/chart/labels/HighLowItemLabelGenerator.java,34,46,decomp,TP,T3
jfreechart/src/main/java/org/jfree/data/xy/XYDataItem.java,70,95,jfreechart/src/main/java/org/jfree/data/time/Millisecond.java,194,225,decomp,TP,T3
jfreechart/src/main/java/org/jfree/chart/plot/XYPlot.java,462,473,jfreechart/src/main/java/org/jfree/chart/plot/CategoryPlot.java,477,488,decomp,TP,T3
jfreechart/src/main/java/org/jfree/data/time/Week.java,134,152,jfreechart/src/main/java/org/jfree/data/time/Month.java,112,124,decomp,TP,T3
jfreechart/src/main/java/org/jfree/chart/plot/XYPlot.java,540,556,jfreechart/src/main/java/org/jfree/chart/plot/CategoryPlot.java,591,607,decomp,TP,T3
jfreechart/src/main/java/org/jfree/chart/plot/CombinedRangeCategoryPlot.java,261,270,jfreechart/src/main/java/org/jfree/chart/plot/CombinedDomainCategoryPlot.java,324,333,orig,TP,T1
jfreechart/src/main/java/org/jfree/chart/plot/CombinedRangeCategoryPlot.java,353,368,jfreechart/src/main/java/org/jfree/chart/plot/CombinedDomainXYPlot.java,373,385,orig,TP,T2
jfreechart/src/main/java/org/jfree/chart/plot/dial/DialPlot.java,70,79,jfreechart/src/main/java/org/jfree/chart/plot/WaferMapPlot.java,127,136,orig,TP,T2
jfreechart/src/main/java/org/jfree/chart/plot/CombinedRangeXYPlot.java,381,390,jfreechart/src/main/java/org/jfree/chart/plot/CombinedDomainCategoryPlot.java,324,333,orig,TP,T2
jfreechart/src/main/java/org/jfree/chart/plot/dial/DialPlot.java,70,79,jfreechart/src/main/java/org/jfree/chart/JFreeChart.java,311,320,orig,TP,T2
jfreechart/src/main/java/org/jfree/chart/plot/CombinedRangeXYPlot.java,381,390,jfreechart/src/main/java/org/jfree/chart/plot/CombinedRangeCategoryPlot.java,261,270,orig,TP,T2
jfreechart/src/main/java/org/jfree/data/xy/XYSeriesCollection.java,80,88,jfreechart/src/main/java/org/jfree/data/time/TimeSeriesCollection.java,195,206,orig,TP,T2
jfreechart/src/main/java/org/jfree/chart/plot/XYPlot.java,386,402,jfreechart/src/main/java/org/jfree/chart/plot/PolarPlot.java,157,173,orig,TP,T2
jfreechart/src/main/java/org/jfree/chart/plot/CombinedRangeXYPlot.java,455,470,jfreechart/src/main/java/org/jfree/chart/plot/CombinedRangeCategoryPlot.java,353,368,orig,TP,T2
jfreechart/src/main/java/org/jfree/chart/plot/dial/DialPlot.java,57,66,jfreechart/src/main/java/org/jfree/chart/plot/WaferMapPlot.java,127,136,orig,TP,T2
jfreechart/src/main/java/org/jfree/chart/plot/dial/DialPlot.java,57,66,jfreechart/src/main/java/org/jfree/chart/JFreeChart.java,311,320,orig,TP,T2
jfreechart/src/main/java/org/jfree/chart/plot/dial/DialPlot.java,175,186,jfreechart/src/main/java/org/jfree/chart/plot/CategoryPlot.java,477,488,orig,TP,T2
jfreechart/src/main/java/org/jfree/chart/plot/WaferMapPlot.java,127,136,jfreechart/src/main/java/org/jfree/chart/JFreeChart.java,311,320,orig,TP,T2
jfreechart/src/main/java/org/jfree/chart/plot/XYPlot.java,462,473,jfreechart/src/main/java/org/jfree/chart/plot/PolarPlot.java,217,228,orig,TP,T2
jfreechart/src/main/java/org/jfree/chart/plot/XYPlot.java,261,277,jfreechart/src/main/java/org/jfree/chart/plot/PolarPlot.java,157,173,orig,TP,T2
jfreechart/src/main/java/org/jfree/chart/plot/dial/DialPlot.java,57,66,jfreechart/src/main/java/org/jfree/chart/plot/dial/DialPlot.java,70,79,orig,TP,T2
jfreechart/src/main/java/org/jfree/chart/plot/CombinedRangeXYPlot.java,455,470,jfreechart/src/main/java/org/jfree/chart/plot/CombinedDomainCategoryPlot.java,428,439,orig,TP,T3
jfreechart/src/main/java/org/jfree/chart/plot/WaferMapPlot.java,112,124,jfreechart/src/main/java/org/jfree/chart/JFreeChart.java,311,320,orig,TP,T3
jfreechart/src/main/java/org/jfree/chart/plot/WaferMapPlot.java,127,136,jfreechart/src/main/java/org/jfree/chart/plot/MultiplePiePlot.java,104,116,orig,TP,T3
jfreechart/src/main/java/org/jfree/data/time/Day.java,131,141,jfreechart/src/main/java/org/jfree/data/time/Day.java,145,155,orig,TP,T3
jfreechart/src/main/java/org/jfree/chart/plot/dial/DialPlot.java,57,66,jfreechart/src/main/java/org/jfree/chart/plot/MultiplePiePlot.java,104,116,orig,TP,T3
jfreechart/src/main/java/org/jfree/chart/plot/SpiderWebPlot.java,237,249,jfreechart/src/main/java/org/jfree/chart/JFreeChart.java,311,320,orig,TP,T3
jfreechart/src/main/java/org/jfree/chart/plot/dial/DialPlot.java,70,79,jfreechart/src/main/java/org/jfree/chart/plot/SpiderWebPlot.java,237,249,orig,TP,T3
jfreechart/src/main/java/org/jfree/data/time/Minute.java,221,241,jfreechart/src/main/java/org/jfree/data/ComparableObjectItem.java,47,62,orig,TP,T3
jfreechart/src/main/java/org/jfree/chart/renderer/RendererUtilities.java,13,76,jfreechart/src/main/java/org/jfree/chart/renderer/RendererUtilities.java,79,144,orig,TP,T3
jfreechart/src/main/java/org/jfree/data/time/Quarter.java,131,143,jfreechart/src/main/java/org/jfree/data/time/Quarter.java,147,159,orig,TP,T3
jfreechart/src/main/java/org/jfree/chart/plot/CombinedDomainXYPlot.java,373,385,jfreechart/src/main/java/org/jfree/chart/plot/CombinedDomainCategoryPlot.java,428,439,orig,TP,T3
jfreechart/src/main/java/org/jfree/data/time/TimeSeriesDataItem.java,78,93,jfreechart/src/main/java/org/jfree/data/ComparableObjectItem.java,47,62,orig,TP,T3
jfreechart/src/main/java/org/jfree/data/general/HeatMapUtilities.java,11,20,jfreechart/src/main/java/org/jfree/data/general/HeatMapUtilities.java,21,30,orig,TP,T3
jfreechart/src/main/java/org/jfree/data/time/Hour.java,219,239,jfreechart/src/main/java/org/jfree/data/ComparableObjectItem.java,47,62,orig,TP,T3
jfreechart/src/main/java/org/jfree/data/time/Year.java,155,174,jfreechart/src/main/java/org/jfree/data/ComparableObjectItem.java,47,62,orig,TP,T3
jfreechart/src/main/java/org/jfree/data/general/DatasetUtilities.java,59,68,jfreechart/src/main/java/org/jfree/data/general/DatasetUtilities.java,74,83,orig,TP,T3
jfreechart/src/main/java/org/jfree/data/xml/PieDatasetHandler.java,34,50,jfreechart/src/main/java/org/jfree/data/xml/CategoryDatasetHandler.java,34,52,orig,TP,T3
jfreechart/src/main/java/org/jfree/data/time/Day.java,211,228,jfreechart/src/main/java/org/jfree/data/ComparableObjectItem.java,47,62,orig,TP,T3
jfreechart/src/main/java/org/jfree/chart/renderer/WaferMapRenderer.java,234,245,jfreechart/src/main/java/org/jfree/chart/renderer/WaferMapRenderer.java,248,259,orig,TP,T3
jfreechart/src/main/java/org/jfree/data/statistics/BoxAndWhiskerItem.java,45,65,jfreechart/src/main/java/org/jfree/chart/ClipPath.java,76,91,orig,FP,T3
jfreechart/src/main/java/org/jfree/data/xy/XYSeriesCollection.java,80,88,jfreechart/src/main/java/org/jfree/data/xy/DefaultTableXYDataset.java,191,201,orig,TP,T3
jfreechart/src/main/java/org/jfree/chart/plot/MultiplePiePlot.java,104,116,jfreechart/src/main/java/org/jfree/chart/JFreeChart.java,311,320,orig,TP,T3
jfreechart/src/main/java/org/jfree/chart/renderer/category/StackedBarRenderer.java,73,82,jfreechart/src/main/java/org/jfree/chart/renderer/category/StackedAreaRenderer.java,64,73,orig,TP,T3
jfreechart/src/main/java/org/jfree/data/time/Quarter.java,131,143,jfreechart/src/main/java/org/jfree/data/time/Hour.java,122,135,orig,TP,T3
jfreechart/src/main/java/org/jfree/chart/renderer/xy/ClusteredXYBarRenderer.java,53,62,jfreechart/src/main/java/org/jfree/chart/renderer/category/StackedAreaRenderer.java,64,73,orig,TP,T3
jfreechart/src/main/java/org/jfree/data/time/Quarter.java,131,143,jfreechart/src/main/java/org/jfree/data/time/Hour.java,139,152,orig,TP,T3
jfreechart/src/main/java/org/jfree/data/time/Month.java,112,124,jfreechart/src/main/java/org/jfree/data/time/Month.java,128,140,orig,TP,T3
jfreechart/src/main/java/org/jfree/chart/renderer/category/StackedBarRenderer3D.java,103,133,jfreechart/src/main/java/org/jfree/chart/renderer/category/StackedBarRenderer.java,86,116,orig,TP,T3
jfreechart/src/main/java/org/jfree/data/time/Quarter.java,147,159,jfreechart/src/main/java/org/jfree/data/time/Minute.java,140,153,orig,TP,T3
jfreechart/src/main/java/org/jfree/data/time/Quarter.java,147,159,jfreechart/src/main/java/org/jfree/data/time/Minute.java,123,136,orig,TP,T3
jfreechart/src/main/java/org/jfree/chart/plot/dial/DialPlot.java,57,66,jfreechart/src/main/java/org/jfree/chart/plot/SpiderWebPlot.java,237,249,orig,TP,T3
jfreechart/src/main/java/org/jfree/chart/plot/WaferMapPlot.java,127,136,jfreechart/src/main/java/org/jfree/chart/plot/SpiderWebPlot.java,237,249,orig,TP,T3
jfreechart/src/main/java/org/jfree/chart/renderer/xy/ClusteredXYBarRenderer.java,53,62,jfreechart/src/main/java/org/jfree/chart/renderer/category/StackedBarRenderer.java,73,82,orig,TP,T3
jfreechart/src/main/java/org/jfree/chart/plot/CombinedRangeCategoryPlot.java,353,368,jfreechart/src/main/java/org/jfree/chart/plot/CombinedDomainCategoryPlot.java,428,439,orig,TP,T3
jfreechart/src/main/java/org/jfree/chart/plot/dial/DialPlot.java,57,66,jfreechart/src/main/java/org/jfree/chart/plot/WaferMapPlot.java,112,124,orig,TP,T3
jfreechart/src/main/java/org/jfree/chart/plot/WaferMapPlot.java,112,124,jfreechart/src/main/java/org/jfree/chart/plot/WaferMapPlot.java,127,136,orig,TP,T3
jfreechart/src/main/java/org/jfree/data/time/Month.java,184,206,jfreechart/src/main/java/org/jfree/data/ComparableObjectItem.java,47,62,orig,TP,T3
jfreechart/src/main/java/org/jfree/data/time/Quarter.java,131,143,jfreechart/src/main/java/org/jfree/data/time/Minute.java,140,153,orig,TP,T3
jfreechart/src/main/java/org/jfree/chart/plot/dial/DialPlot.java,70,79,jfreechart/src/main/java/org/jfree/chart/plot/WaferMapPlot.java,112,124,orig,TP,T3
jfreechart/src/main/java/org/jfree/chart/plot/dial/DialPlot.java,70,79,jfreechart/src/main/java/org/jfree/chart/plot/MultiplePiePlot.java,104,116,orig,TP,T3
jfreechart/src/main/java/org/jfree/data/time/Quarter.java,131,143,jfreechart/src/main/java/org/jfree/data/time/Minute.java,123,136,orig,TP,T3
jfreechart/src/main/java/org/jfree/data/time/Quarter.java,147,159,jfreechart/src/main/java/org/jfree/data/time/Hour.java,139,152,orig,TP,T3
jfreechart/src/main/java/org/jfree/chart/annotations/XYDrawableAnnotation.java,29,39,jfreechart/src/main/java/org/jfree/chart/annotations/XYDataImageAnnotation.java,31,41,orig,TP,T3
jfreechart/src/main/java/org/jfree/data/time/Quarter.java,147,159,jfreechart/src/main/java/org/jfree/data/time/Hour.java,122,135,orig,TP,T3
jfreechart/src/main/java/org/jfree/data/statistics/HistogramDataset.java,108,120,jfreechart/src/main/java/org/jfree/data/statistics/HistogramDataset.java,123,135,orig,TP,T3
jfreechart/src/main/java/org/jfree/data/time/Quarter.java,196,218,jfreechart/src/main/java/org/jfree/data/ComparableObjectItem.java,47,62,orig,TP,T3
jfreechart/src/main/java/org/jfree/chart/plot/XYPlot.java,540,556,jfreechart/src/main/java/org/jfree/chart/plot/PolarPlot.java,258,272,orig,TP,T3
jfreechart/src/main/java/org/jfree/data/time/Week.java,254,276,jfreechart/src/main/java/org/jfree/data/ComparableObjectItem.java,47,62,orig,TP,T3
tomcat/java/org/apache/jasper/security/SecurityUtil.java,12,38,tomcat/java/org/apache/catalina/util/RequestUtil.java,3,29,decomp,TP,T1
tomcat/java/org/apache/el/util/ConcurrentCache.java,14,25,tomcat/java/javax/el/BeanELResolver.java,281,292,decomp,TP,T2
tomcat/java/org/apache/catalina/tribes/tipis/AbstractReplicatedMap.java,1256,1265,tomcat/java/org/apache/catalina/tribes/tipis/AbstractReplicatedMap.java,1266,1275,decomp,TP,T2
tomcat/java/org/apache/catalina/tribes/tipis/AbstractReplicatedMap.java,1206,1216,tomcat/java/org/apache/catalina/tribes/tipis/AbstractReplicatedMap.java,1227,1237,decomp,TP,T2
tomcat/java/org/apache/catalina/core/ApplicationFilterFactory.java,77,91,tomcat/java/org/apache/catalina/core/ApplicationFilterFactory.java,126,141,decomp,TP,T3
tomcat/java/org/apache/catalina/core/StandardContext.java,3218,3227,tomcat/java/org/apache/catalina/core/StandardContext.java,3234,3243,decomp,TP,T3
tomcat/java/org/apache/el/parser/AstOr.java,9,19,tomcat/java/org/apache/el/parser/AstAnd.java,9,19,decomp,TP,T3
tomcat/java/org/apache/el/parser/ELParser.java,104,143,tomcat/java/org/apache/el/parser/ELParser.java,2008,2047,decomp,TP,T3
tomcat/java/org/apache/el/parser/ELParser.java,144,183,tomcat/java/org/apache/el/parser/ELParser.java,2008,2047,decomp,TP,T3
tomcat/java/org/apache/el/parser/ELParser.java,1634,1673,tomcat/java/org/apache/el/parser/ELParser.java,2008,2047,decomp,TP,T3
tomcat/java/org/apache/jasper/runtime/JspRuntimeLibrary.java,472,483,tomcat/java/org/apache/jasper/runtime/JspRuntimeLibrary.java,484,495,decomp,TP,T3
tomcat/java/org/apache/jasper/runtime/JspRuntimeLibrary.java,472,483,tomcat/java/org/apache/jasper/runtime/JspRuntimeLibrary.java,496,507,decomp,TP,T3
tomcat/java/org/apache/jasper/runtime/JspRuntimeLibrary.java,472,483,tomcat/java/org/apache/jasper/runtime/JspRuntimeLibrary.java,508,519,decomp,TP,T3
tomcat/java/org/apache/jasper/runtime/JspRuntimeLibrary.java,472,483,tomcat/java/org/apache/jasper/runtime/JspRuntimeLibrary.java,520,531,decomp,TP,T3
tomcat/java/org/apache/jasper/runtime/JspRuntimeLibrary.java,472,483,tomcat/java/org/apache/jasper/runtime/JspRuntimeLibrary.java,532,543,decomp,TP,T3
tomcat/java/org/apache/jasper/runtime/JspRuntimeLibrary.java,472,483,tomcat/java/org/apache/jasper/runtime/JspRuntimeLibrary.java,544,555,decomp,TP,T3
tomcat/java/org/apache/jasper/runtime/JspRuntimeLibrary.java,472,483,tomcat/java/org/apache/jasper/runtime/JspRuntimeLibrary.java,556,567,decomp,TP,T3
tomcat/java/org/apache/jasper/runtime/JspRuntimeLibrary.java,472,483,tomcat/java/org/apache/jasper/runtime/JspRuntimeLibrary.java,568,579,decomp,TP,T3
tomcat/java/org/apache/naming/NamingContext.java,129,147,tomcat/java/org/apache/naming/NamingContext.java,154,172,decomp,TP,T3
tomcat/java/org/apache/tomcat/dbcp/dbcp2/datasources/InstanceKeyDataSource.java,208,220,tomcat/java/org/apache/tomcat/dbcp/dbcp2/datasources/InstanceKeyDataSource.java,224,238,decomp,TP,T3
tomcat/java/org/apache/tomcat/util/net/AprEndpoint.java,1753,1764,tomcat/java/org/apache/tomcat/util/net/AprEndpoint.java,1796,1807,decomp,TP,T3
tomcat/java/org/apache/tomcat/util/net/AprEndpoint.java,1753,1764,tomcat/java/org/apache/tomcat/util/net/AprEndpoint.java,1809,1820,decomp,TP,T3
tomcat/java/org/apache/tomcat/util/net/AprEndpoint.java,1782,1794,tomcat/java/org/apache/tomcat/util/net/AprEndpoint.java,1822,1834,decomp,TP,T3
tomcat/java/org/apache/tomcat/util/net/AprEndpoint.java,1796,1807,tomcat/java/org/apache/tomcat/util/net/AprEndpoint.java,1809,1820,decomp,TP,T3
tomcat/java/org/apache/tomcat/util/net/NioEndpoint.java,863,876,tomcat/java/org/apache/tomcat/util/net/AprEndpoint.java,1470,1482,decomp,TP,T3
tomcat/java/org/apache/tomcat/websocket/WsRemoteEndpointImplBase.java,717,742,tomcat/java/org/apache/tomcat/websocket/WsRemoteEndpointImplBase.java,782,807,decomp,TP,T3
tomcat/modules/jdbc-pool/src/main/java/org/apache/tomcat/jdbc/pool/interceptor/SlowQueryReport.java,55,64,tomcat/modules/jdbc-pool/src/main/java/org/apache/tomcat/jdbc/pool/interceptor/SlowQueryReport.java,66,78,decomp,TP,T3
tomcat/java/org/apache/jasper/el/ELContextImpl.java,37,47,tomcat/java/javax/el/StandardELContext.java,89,99,orig,TP,T1
tomcat/java/org/apache/naming/HandlerRef.java,36,48,tomcat/java/org/apache/naming/EjbRef.java,33,45,orig,TP,T1
tomcat/java/org/apache/naming/ResourceEnvRef.java,12,24,tomcat/java/org/apache/naming/EjbRef.java,33,45,orig,TP,T1
tomcat/java/org/apache/naming/ResourceEnvRef.java,12,24,tomcat/java/org/apache/naming/HandlerRef.java,36,48,orig,TP,T1
tomcat/java/org/apache/naming/ResourceLinkRef.java,20,32,tomcat/java/org/apache/naming/EjbRef.java,33,45,orig,TP,T1
tomcat/java/org/apache/naming/ResourceLinkRef.java,20,32,tomcat/java/org/apache/naming/HandlerRef.java,36,48,orig,TP,T1
tomcat/java/org/apache/naming/ResourceLinkRef.java,20,32,tomcat/java/org/apache/naming/ResourceEnvRef.java,12,24,orig,TP,T1
tomcat/java/org/apache/naming/ResourceRef.java,40,52,tomcat/java/org/apache/naming/EjbRef.java,33,45,orig,TP,T1
tomcat/java/org/apache/naming/ResourceRef.java,40,52,tomcat/java/org/apache/naming/HandlerRef.java,36,48,orig,TP,T1
tomcat/java/org/apache/naming/ResourceRef.java,40,52,tomcat/java/org/apache/naming/ResourceEnvRef.java,12,24,orig,TP,T1
tomcat/java/org/apache/naming/ResourceRef.java,40,52,tomcat/java/org/apache/naming/ResourceLinkRef.java,20,32,orig,TP,T1
tomcat/java/org/apache/naming/ServiceRef.java,62,74,tomcat/java/org/apache/naming/EjbRef.java,33,45,orig,TP,T1
tomcat/java/org/apache/naming/ServiceRef.java,62,74,tomcat/java/org/apache/naming/HandlerRef.java,36,48,orig,TP,T1
tomcat/java/org/apache/naming/ServiceRef.java,62,74,tomcat/java/org/apache/naming/ResourceEnvRef.java,12,24,orig,TP,T1
tomcat/java/org/apache/naming/ServiceRef.java,62,74,tomcat/java/org/apache/naming/ResourceLinkRef.java,20,32,orig,TP,T1
tomcat/java/org/apache/naming/ServiceRef.java,62,74,tomcat/java/org/apache/naming/ResourceRef.java,40,52,orig,TP,T1
tomcat/java/org/apache/naming/TransactionRef.java,15,27,tomcat/java/org/apache/naming/EjbRef.java,33,45,orig,TP,T1
tomcat/java/org/apache/naming/TransactionRef.java,15,27,tomcat/java/org/apache/naming/HandlerRef.java,36,48,orig,TP,T1
tomcat/java/org/apache/naming/TransactionRef.java,15,27,tomcat/java/org/apache/naming/ResourceEnvRef.java,12,24,orig,TP,T1
tomcat/java/org/apache/naming/TransactionRef.java,15,27,tomcat/java/org/apache/naming/ResourceLinkRef.java,20,32,orig,TP,T1
tomcat/java/org/apache/naming/TransactionRef.java,15,27,tomcat/java/org/apache/naming/ResourceRef.java,40,52,orig,TP,T1
tomcat/java/org/apache/naming/TransactionRef.java,15,27,tomcat/java/org/apache/naming/ServiceRef.java,62,74,orig,TP,T1
tomcat/java/org/apache/catalina/ant/BaseRedirectorHelperTask.java,101,113,tomcat/java/org/apache/catalina/ant/BaseRedirectorHelperTask.java,120,132,orig,TP,T2
tomcat/java/org/apache/catalina/connector/RequestFacade.java,177,188,tomcat/java/org/apache/catalina/connector/RequestFacade.java,352,363,orig,TP,T2
tomcat/java/org/apache/catalina/core/StandardWrapper.java,294,304,tomcat/java/org/apache/catalina/core/StandardWrapper.java,619,629,orig,TP,T2
tomcat/java/org/apache/catalina/valves/AbstractAccessLogValve.java,352,364,tomcat/java/org/apache/catalina/valves/AbstractAccessLogValve.java,395,407,orig,TP,T2
tomcat/java/org/apache/el/parser/ELParser.java,88,103,tomcat/java/org/apache/el/parser/ELParser.java,2048,2063,orig,TP,T2
tomcat/java/org/apache/el/parser/ELParser.java,88,103,tomcat/java/org/apache/el/parser/ELParser.java,2187,2202,orig,TP,T2
tomcat/java/org/apache/el/parser/ELParser.java,88,103,tomcat/java/org/apache/el/parser/ELParser.java,2203,2218,orig,TP,T2
tomcat/java/org/apache/el/parser/ELParser.java,88,103,tomcat/java/org/apache/el/parser/ELParser.java,2219,2234,orig,TP,T2
tomcat/java/org/apache/el/parser/ELParser.java,104,143,tomcat/java/org/apache/el/parser/ELParser.java,144,183,orig,TP,T2
tomcat/java/org/apache/el/parser/ELParser.java,104,143,tomcat/java/org/apache/el/parser/ELParser.java,1634,1673,orig,TP,T2
tomcat/java/org/apache/el/parser/ELParser.java,144,183,tomcat/java/org/apache/el/parser/ELParser.java,1634,1673,orig,TP,T2
tomcat/java/org/apache/el/parser/ELParser.java,2048,2063,tomcat/java/org/apache/el/parser/ELParser.java,2187,2202,orig,TP,T2
tomcat/java/org/apache/el/parser/ELParser.java,2048,2063,tomcat/java/org/apache/el/parser/ELParser.java,2203,2218,orig,TP,T2
tomcat/java/org/apache/el/parser/ELParser.java,2048,2063,tomcat/java/org/apache/el/parser/ELParser.java,2219,2234,orig,TP,T2
tomcat/java/org/apache/el/parser/ELParser.java,2187,2202,tomcat/java/org/apache/el/parser/ELParser.java,2203,2218,orig,TP,T2
tomcat/java/org/apache/el/parser/ELParser.java,2187,2202,tomcat/java/org/apache/el/parser/ELParser.java,2219,2234,orig,TP,T2
tomcat/java/org/apache/el/parser/ELParser.java,2203,2218,tomcat/java/org/apache/el/parser/ELParser.java,2219,2234,orig,TP,T2
tomcat/java/org/apache/el/parser/ELParser.java,2418,2431,tomcat/java/org/apache/el/parser/ELParser.java,2464,2477,orig,TP,T2
tomcat/java/org/apache/el/parser/ELParser.java,2418,2431,tomcat/java/org/apache/el/parser/ELParser.java,2569,2582,orig,TP,T2
tomcat/java/org/apache/el/parser/ELParser.java,2464,2477,tomcat/java/org/apache/el/parser/ELParser.java,2526,2539,orig,TP,T2
tomcat/java/org/apache/el/parser/ELParser.java,2464,2477,tomcat/java/org/apache/el/parser/ELParser.java,2569,2582,orig,TP,T2
tomcat/java/org/apache/el/parser/ELParser.java,2526,2539,tomcat/java/org/apache/el/parser/ELParser.java,2569,2582,orig,TP,T2
tomcat/java/org/apache/jasper/compiler/Parser.java,216,224,tomcat/java/org/apache/jasper/compiler/Parser.java,389,397,orig,TP,T2
tomcat/java/org/apache/tomcat/dbcp/pool2/PoolUtils.java,327,336,tomcat/java/org/apache/tomcat/dbcp/pool2/PoolUtils.java,464,473,orig,TP,T2
tomcat/java/org/apache/tomcat/util/net/SSLHostConfig.java,345,355,tomcat/java/org/apache/tomcat/util/net/SSLHostConfig.java,360,370,orig,TP,T2
tomcat/java/org/apache/catalina/core/StandardContext.java,1834,1856,tomcat/java/org/apache/catalina/core/StandardContext.java,1858,1881,orig,TP,T3
tomcat/java/org/apache/catalina/core/StandardContext.java,1858,1881,tomcat/java/org/apache/catalina/core/StandardContext.java,1891,1914,orig,TP,T3
tomcat/java/org/apache/catalina/core/StandardContext.java,1858,1881,tomcat/java/org/apache/catalina/core/StandardContext.java,1971,1993,orig,TP,T3
tomcat/java/org/apache/catalina/core/StandardContext.java,1858,1881,tomcat/java/org/apache/catalina/core/StandardContext.java,2007,2029,orig,TP,T3
tomcat/java/org/apache/catalina/core/StandardContext.java,1858,1881,tomcat/java/org/apache/catalina/core/StandardContext.java,2031,2055,orig,TP,T3
tomcat/java/org/apache/catalina/core/StandardContext.java,1858,1881,tomcat/java/org/apache/catalina/core/StandardContext.java,2057,2079,orig,TP,T3
tomcat/java/org/apache/catalina/core/StandardContext.java,1858,1881,tomcat/java/org/apache/catalina/core/StandardContext.java,2081,2103,orig,TP,T3
tomcat/java/org/apache/catalina/core/StandardService.java,98,116,tomcat/java/org/apache/catalina/core/StandardServer.java,137,152,orig,TP,T3
tomcat/java/org/apache/catalina/core/StandardWrapper.java,855,874,tomcat/java/javax/servlet/http/HttpServlet.java,87,103,orig,TP,T3
tomcat/java/org/apache/catalina/ha/tcp/SimpleTcpCluster.java,417,429,tomcat/java/org/apache/catalina/ha/tcp/SimpleTcpCluster.java,431,443,orig,TP,T3
tomcat/java/org/apache/catalina/session/PersistentManagerBase.java,470,501,tomcat/java/org/apache/catalina/session/PersistentManagerBase.java,539,575,orig,TP,T3
tomcat/java/org/apache/coyote/RequestInfo.java,11,21,tomcat/java/org/apache/catalina/tribes/group/ChannelCoordinator.java,195,205,orig,TP,T3
tomcat/java/org/apache/el/parser/ELParser.java,311,375,tomcat/java/org/apache/el/parser/ELParser.java,1674,1746,orig,TP,T3
tomcat/java/org/apache/el/parser/ELParser.java,311,375,tomcat/java/org/apache/el/parser/ELParser.java,1789,1861,orig,TP,T3
tomcat/java/org/apache/el/parser/ELParser.java,311,375,tomcat/java/org/apache/el/parser/ELParser.java,1862,1934,orig,TP,T3
tomcat/java/org/apache/el/parser/ELParser.java,311,375,tomcat/java/org/apache/el/parser/ELParser.java,1935,2007,orig,TP,T3
tomcat/java/org/apache/el/parser/ELParser.java,2335,2345,tomcat/java/org/apache/el/parser/ELParser.java,2555,2568,orig,TP,T3
tomcat/java/org/apache/el/parser/ELParser.java,2407,2417,tomcat/java/org/apache/el/parser/ELParser.java,2555,2568,orig,TP,T3
tomcat/java/org/apache/el/parser/ELParser.java,2555,2568,tomcat/java/org/apache/el/parser/ELParser.java,2651,2676,orig,TP,T3
tomcat/java/org/apache/el/parser/ELParser.java,2555,2568,tomcat/java/org/apache/el/parser/ELParser.java,2683,2693,orig,TP,T3
tomcat/java/org/apache/el/parser/ELParser.java,2555,2568,tomcat/java/org/apache/el/parser/ELParser.java,2764,2774,orig,TP,T3
tomcat/java/org/apache/el/parser/ELParser.java,2555,2568,tomcat/java/org/apache/el/parser/ELParser.java,2801,2811,orig,TP,T3
tomcat/java/org/apache/el/parser/ELParser.java,2555,2568,tomcat/java/org/apache/el/parser/ELParser.java,2830,2840,orig,TP,T3
tomcat/java/org/apache/el/parser/ELParser.java,2555,2568,tomcat/java/org/apache/el/parser/ELParser.java,2882,2895,orig,TP,T3
tomcat/java/org/apache/el/parser/ELParser.java,2555,2568,tomcat/java/org/apache/el/parser/ELParser.java,2896,2912,orig,TP,T3
tomcat/java/org/apache/el/parser/ELParser.java,2555,2568,tomcat/java/org/apache/el/parser/ELParser.java,2928,2938,orig,TP,T3
tomcat/java/org/apache/el/parser/ELParser.java,2555,2568,tomcat/java/org/apache/el/parser/ELParser.java,2945,2955,orig,TP,T3
tomcat/java/org/apache/el/parser/ELParser.java,2555,2568,tomcat/java/org/apache/el/parser/ELParser.java,2956,2969,orig,TP,T3
tomcat/java/org/apache/el/parser/ELParser.java,2555,2568,tomcat/java/org/apache/el/parser/ELParser.java,3008,3018,orig,TP,T3
tomcat/java/org/apache/el/parser/ELParser.java,2555,2568,tomcat/java/org/apache/el/parser/ELParser.java,3031,3041,orig,TP,T3
tomcat/java/org/apache/el/parser/ELParser.java,2555,2568,tomcat/java/org/apache/el/parser/ELParser.java,3092,3111,orig,TP,T3
tomcat/java/org/apache/el/parser/ELParser.java,2555,2568,tomcat/java/org/apache/el/parser/ELParser.java,3138,3148,orig,TP,T3
tomcat/java/org/apache/el/parser/ELParser.java,2555,2568,tomcat/java/org/apache/el/parser/ELParser.java,3149,3159,orig,TP,T3
tomcat/java/org/apache/el/parser/ELParser.java,2555,2568,tomcat/java/org/apache/el/parser/ELParser.java,3160,3170,orig,TP,T3
tomcat/java/org/apache/el/parser/ELParser.java,2555,2568,tomcat/java/org/apache/el/parser/ELParser.java,3171,3187,orig,TP,T3
tomcat/java/org/apache/el/parser/ELParser.java,2555,2568,tomcat/java/org/apache/el/parser/ELParser.java,3188,3198,orig,TP,T3
tomcat/java/org/apache/el/parser/ELParser.java,2555,2568,tomcat/java/org/apache/el/parser/ELParser.java,3234,3244,orig,TP,T3
tomcat/java/org/apache/el/parser/ELParser.java,2555,2568,tomcat/java/org/apache/el/parser/ELParser.java,3245,3255,orig,TP,T3
tomcat/java/org/apache/el/parser/ELParser.java,2555,2568,tomcat/java/org/apache/el/parser/ELParser.java,3256,3266,orig,TP,T3
tomcat/java/org/apache/el/stream/Stream.java,23,33,tomcat/java/org/apache/el/stream/Stream.java,74,83,orig,TP,T3
tomcat/java/org/apache/el/stream/Stream.java,259,268,tomcat/java/org/apache/el/stream/Stream.java,269,278,orig,TP,T3
tomcat/java/org/apache/el/stream/Stream.java,259,268,tomcat/java/org/apache/el/stream/Stream.java,279,288,orig,TP,T3
tomcat/java/org/apache/el/stream/Stream.java,269,278,tomcat/java/org/apache/el/stream/Stream.java,279,288,orig,TP,T3
tomcat/java/org/apache/jasper/compiler/JspUtil.java,260,272,tomcat/java/org/apache/jasper/compiler/JspUtil.java,273,284,orig,TP,T3
tomcat/java/org/apache/jasper/compiler/JspUtil.java,260,272,tomcat/java/org/apache/jasper/compiler/JspUtil.java,285,297,orig,TP,T3
tomcat/java/org/apache/jasper/compiler/JspUtil.java,260,272,tomcat/java/org/apache/jasper/compiler/JspUtil.java,298,309,orig,TP,T3
tomcat/java/org/apache/jasper/compiler/JspUtil.java,260,272,tomcat/java/org/apache/jasper/compiler/JspUtil.java,336,348,orig,TP,T3
tomcat/java/org/apache/jasper/compiler/JspUtil.java,260,272,tomcat/java/org/apache/jasper/compiler/JspUtil.java,349,360,orig,TP,T3
tomcat/java/org/apache/jasper/compiler/JspUtil.java,260,272,tomcat/java/org/apache/jasper/compiler/JspUtil.java,361,373,orig,TP,T3
tomcat/java/org/apache/jasper/compiler/JspUtil.java,260,272,tomcat/java/org/apache/jasper/compiler/JspUtil.java,374,385,orig,TP,T3
tomcat/java/org/apache/jasper/compiler/JspUtil.java,260,272,tomcat/java/org/apache/jasper/compiler/JspUtil.java,386,397,orig,TP,T3
tomcat/java/org/apache/jasper/compiler/JspUtil.java,260,272,tomcat/java/org/apache/jasper/compiler/JspUtil.java,398,409,orig,TP,T3
tomcat/java/org/apache/jasper/compiler/JspUtil.java,260,272,tomcat/java/org/apache/jasper/compiler/JspUtil.java,410,422,orig,TP,T3
tomcat/java/org/apache/jasper/compiler/JspUtil.java,260,272,tomcat/java/org/apache/jasper/compiler/JspUtil.java,423,434,orig,TP,T3
tomcat/java/org/apache/jasper/compiler/JspUtil.java,260,272,tomcat/java/org/apache/jasper/compiler/JspUtil.java,435,447,orig,TP,T3
tomcat/java/org/apache/jasper/compiler/JspUtil.java,260,272,tomcat/java/org/apache/jasper/compiler/JspUtil.java,448,459,orig,TP,T3
tomcat/java/org/apache/jasper/compiler/JspUtil.java,273,284,tomcat/java/org/apache/jasper/compiler/JspUtil.java,285,297,orig,TP,T3
tomcat/java/org/apache/jasper/compiler/JspUtil.java,273,284,tomcat/java/org/apache/jasper/compiler/JspUtil.java,298,309,orig,TP,T3
tomcat/java/org/apache/jasper/compiler/JspUtil.java,273,284,tomcat/java/org/apache/jasper/compiler/JspUtil.java,336,348,orig,TP,T3
tomcat/java/org/apache/jasper/compiler/JspUtil.java,273,284,tomcat/java/org/apache/jasper/compiler/JspUtil.java,349,360,orig,TP,T3
tomcat/java/org/apache/jasper/compiler/JspUtil.java,273,284,tomcat/java/org/apache/jasper/compiler/JspUtil.java,361,373,orig,TP,T3
tomcat/java/org/apache/jasper/compiler/JspUtil.java,273,284,tomcat/java/org/apache/jasper/compiler/JspUtil.java,374,385,orig,TP,T3
tomcat/java/org/apache/jasper/compiler/JspUtil.java,273,284,tomcat/java/org/apache/jasper/compiler/JspUtil.java,386,397,orig,TP,T3
tomcat/java/org/apache/jasper/compiler/JspUtil.java,273,284,tomcat/java/org/apache/jasper/compiler/JspUtil.java,398,409,orig,TP,T3
tomcat/java/org/apache/jasper/compiler/JspUtil.java,273,284,tomcat/java/org/apache/jasper/compiler/JspUtil.java,410,422,orig,TP,T3
tomcat/java/org/apache/jasper/compiler/JspUtil.java,273,284,tomcat/java/org/apache/jasper/compiler/JspUtil.java,423,434,orig,TP,T3
tomcat/java/org/apache/jasper/compiler/JspUtil.java,273,284,tomcat/java/org/apache/jasper/compiler/JspUtil.java,435,447,orig,TP,T3
tomcat/java/org/apache/jasper/compiler/JspUtil.java,273,284,tomcat/java/org/apache/jasper/compiler/JspUtil.java,448,459,orig,TP,T3
tomcat/java/org/apache/jasper/compiler/JspUtil.java,285,297,tomcat/java/org/apache/jasper/compiler/JspUtil.java,298,309,orig,TP,T3
tomcat/java/org/apache/jasper/compiler/JspUtil.java,285,297,tomcat/java/org/apache/jasper/compiler/JspUtil.java,336,348,orig,TP,T3
tomcat/java/org/apache/jasper/compiler/JspUtil.java,285,297,tomcat/java/org/apache/jasper/compiler/JspUtil.java,349,360,orig,TP,T3
tomcat/java/org/apache/jasper/compiler/JspUtil.java,285,297,tomcat/java/org/apache/jasper/compiler/JspUtil.java,361,373,orig,TP,T3
tomcat/java/org/apache/jasper/compiler/JspUtil.java,285,297,tomcat/java/org/apache/jasper/compiler/JspUtil.java,374,385,orig,TP,T3
tomcat/java/org/apache/jasper/compiler/JspUtil.java,285,297,tomcat/java/org/apache/jasper/compiler/JspUtil.java,386,397,orig,TP,T3
tomcat/java/org/apache/jasper/compiler/JspUtil.java,285,297,tomcat/java/org/apache/jasper/compiler/JspUtil.java,398,409,orig,TP,T3
tomcat/java/org/apache/jasper/compiler/JspUtil.java,285,297,tomcat/java/org/apache/jasper/compiler/JspUtil.java,410,422,orig,TP,T3
tomcat/java/org/apache/jasper/compiler/JspUtil.java,285,297,tomcat/java/org/apache/jasper/compiler/JspUtil.java,423,434,orig,TP,T3
tomcat/java/org/apache/jasper/compiler/JspUtil.java,285,297,tomcat/java/org/apache/jasper/compiler/JspUtil.java,435,447,orig,TP,T3
tomcat/java/org/apache/jasper/compiler/JspUtil.java,285,297,tomcat/java/org/apache/jasper/compiler/JspUtil.java,448,459,orig,TP,T3
tomcat/java/org/apache/jasper/compiler/JspUtil.java,298,309,tomcat/java/org/apache/jasper/compiler/JspUtil.java,336,348,orig,TP,T3
tomcat/java/org/apache/jasper/compiler/JspUtil.java,298,309,tomcat/java/org/apache/jasper/compiler/JspUtil.java,349,360,orig,TP,T3
tomcat/java/org/apache/jasper/compiler/JspUtil.java,298,309,tomcat/java/org/apache/jasper/compiler/JspUtil.java,361,373,orig,TP,T3
tomcat/java/org/apache/jasper/compiler/JspUtil.java,298,309,tomcat/java/org/apache/jasper/compiler/JspUtil.java,374,385,orig,TP,T3
tomcat/java/org/apache/jasper/compiler/JspUtil.java,298,309,tomcat/java/org/apache/jasper/compiler/JspUtil.java,386,397,orig,TP,T3
tomcat/java/org/apache/jasper/compiler/JspUtil.java,298,309,tomcat/java/org/apache/jasper/compiler/JspUtil.java,398,409,orig,TP,T3
tomcat/java/org/apache/jasper/compiler/JspUtil.java,298,309,tomcat/java/org/apache/jasper/compiler/JspUtil.java,410,422,orig,TP,T3
tomcat/java/org/apache/jasper/compiler/JspUtil.java,298,309,tomcat/java/org/apache/jasper/compiler/JspUtil.java,423,434,orig,TP,T3
tomcat/java/org/apache/jasper/compiler/JspUtil.java,298,309,tomcat/java/org/apache/jasper/compiler/JspUtil.java,435,447,orig,TP,T3
tomcat/java/org/apache/jasper/compiler/JspUtil.java,298,309,tomcat/java/org/apache/jasper/compiler/JspUtil.java,448,459,orig,TP,T3
tomcat/java/org/apache/jasper/compiler/JspUtil.java,336,348,tomcat/java/org/apache/jasper/compiler/JspUtil.java,349,360,orig,TP,T3
tomcat/java/org/apache/jasper/compiler/JspUtil.java,336,348,tomcat/java/org/apache/jasper/compiler/JspUtil.java,361,373,orig,TP,T3
tomcat/java/org/apache/jasper/compiler/JspUtil.java,336,348,tomcat/java/org/apache/jasper/compiler/JspUtil.java,374,385,orig,TP,T3
tomcat/java/org/apache/jasper/compiler/JspUtil.java,336,348,tomcat/java/org/apache/jasper/compiler/JspUtil.java,386,397,orig,TP,T3
tomcat/java/org/apache/jasper/compiler/JspUtil.java,336,348,tomcat/java/org/apache/jasper/compiler/JspUtil.java,398,409,orig,TP,T3
tomcat/java/org/apache/jasper/compiler/JspUtil.java,336,348,tomcat/java/org/apache/jasper/compiler/JspUtil.java,410,422,orig,TP,T3
tomcat/java/org/apache/jasper/compiler/JspUtil.java,336,348,tomcat/java/org/apache/jasper/compiler/JspUtil.java,423,434,orig,TP,T3
tomcat/java/org/apache/jasper/compiler/JspUtil.java,336,348,tomcat/java/org/apache/jasper/compiler/JspUtil.java,435,447,orig,TP,T3
tomcat/java/org/apache/jasper/compiler/JspUtil.java,336,348,tomcat/java/org/apache/jasper/compiler/JspUtil.java,448,459,orig,TP,T3
tomcat/java/org/apache/jasper/compiler/JspUtil.java,349,360,tomcat/java/org/apache/jasper/compiler/JspUtil.java,361,373,orig,TP,T3
tomcat/java/org/apache/jasper/compiler/JspUtil.java,349,360,tomcat/java/org/apache/jasper/compiler/JspUtil.java,374,385,orig,TP,T3
tomcat/java/org/apache/jasper/compiler/JspUtil.java,349,360,tomcat/java/org/apache/jasper/compiler/JspUtil.java,386,397,orig,TP,T3
tomcat/java/org/apache/jasper/compiler/JspUtil.java,349,360,tomcat/java/org/apache/jasper/compiler/JspUtil.java,398,409,orig,TP,T3
tomcat/java/org/apache/jasper/compiler/JspUtil.java,349,360,tomcat/java/org/apache/jasper/compiler/JspUtil.java,410,422,orig,TP,T3
tomcat/java/org/apache/jasper/compiler/JspUtil.java,349,360,tomcat/java/org/apache/jasper/compiler/JspUtil.java,423,434,orig,TP,T3
tomcat/java/org/apache/jasper/compiler/JspUtil.java,349,360,tomcat/java/org/apache/jasper/compiler/JspUtil.java,435,447,orig,TP,T3
tomcat/java/org/apache/jasper/compiler/JspUtil.java,349,360,tomcat/java/org/apache/jasper/compiler/JspUtil.java,448,459,orig,TP,T3
tomcat/java/org/apache/jasper/compiler/JspUtil.java,361,373,tomcat/java/org/apache/jasper/compiler/JspUtil.java,374,385,orig,TP,T3
tomcat/java/org/apache/jasper/compiler/JspUtil.java,361,373,tomcat/java/org/apache/jasper/compiler/JspUtil.java,386,397,orig,TP,T3
tomcat/java/org/apache/jasper/compiler/JspUtil.java,361,373,tomcat/java/org/apache/jasper/compiler/JspUtil.java,398,409,orig,TP,T3
tomcat/java/org/apache/jasper/compiler/JspUtil.java,361,373,tomcat/java/org/apache/jasper/compiler/JspUtil.java,410,422,orig,TP,T3
tomcat/java/org/apache/jasper/compiler/JspUtil.java,361,373,tomcat/java/org/apache/jasper/compiler/JspUtil.java,423,434,orig,TP,T3
tomcat/java/org/apache/jasper/compiler/JspUtil.java,361,373,tomcat/java/org/apache/jasper/compiler/JspUtil.java,435,447,orig,TP,T3
tomcat/java/org/apache/jasper/compiler/JspUtil.java,361,373,tomcat/java/org/apache/jasper/compiler/JspUtil.java,448,459,orig,TP,T3
tomcat/java/org/apache/jasper/compiler/JspUtil.java,374,385,tomcat/java/org/apache/jasper/compiler/JspUtil.java,386,397,orig,TP,T3
tomcat/java/org/apache/jasper/compiler/JspUtil.java,374,385,tomcat/java/org/apache/jasper/compiler/JspUtil.java,398,409,orig,TP,T3
tomcat/java/org/apache/jasper/compiler/JspUtil.java,374,385,tomcat/java/org/apache/jasper/compiler/JspUtil.java,410,422,orig,TP,T3
tomcat/java/org/apache/jasper/compiler/JspUtil.java,374,385,tomcat/java/org/apache/jasper/compiler/JspUtil.java,423,434,orig,TP,T3
tomcat/java/org/apache/jasper/compiler/JspUtil.java,374,385,tomcat/java/org/apache/jasper/compiler/JspUtil.java,435,447,orig,TP,T3
tomcat/java/org/apache/jasper/compiler/JspUtil.java,374,385,tomcat/java/org/apache/jasper/compiler/JspUtil.java,448,459,orig,TP,T3
tomcat/java/org/apache/jasper/compiler/JspUtil.java,386,397,tomcat/java/org/apache/jasper/compiler/JspUtil.java,398,409,orig,TP,T3
tomcat/java/org/apache/jasper/compiler/JspUtil.java,386,397,tomcat/java/org/apache/jasper/compiler/JspUtil.java,410,422,orig,TP,T3
tomcat/java/org/apache/jasper/compiler/JspUtil.java,386,397,tomcat/java/org/apache/jasper/compiler/JspUtil.java,423,434,orig,TP,T3
tomcat/java/org/apache/jasper/compiler/JspUtil.java,386,397,tomcat/java/org/apache/jasper/compiler/JspUtil.java,435,447,orig,TP,T3
tomcat/java/org/apache/jasper/compiler/JspUtil.java,386,397,tomcat/java/org/apache/jasper/compiler/JspUtil.java,448,459,orig,TP,T3
tomcat/java/org/apache/jasper/compiler/JspUtil.java,398,409,tomcat/java/org/apache/jasper/compiler/JspUtil.java,410,422,orig,TP,T3
tomcat/java/org/apache/jasper/compiler/JspUtil.java,398,409,tomcat/java/org/apache/jasper/compiler/JspUtil.java,423,434,orig,TP,T3
tomcat/java/org/apache/jasper/compiler/JspUtil.java,398,409,tomcat/java/org/apache/jasper/compiler/JspUtil.java,435,447,orig,TP,T3
tomcat/java/org/apache/jasper/compiler/JspUtil.java,398,409,tomcat/java/org/apache/jasper/compiler/JspUtil.java,448,459,orig,TP,T3
tomcat/java/org/apache/jasper/compiler/JspUtil.java,410,422,tomcat/java/org/apache/jasper/compiler/JspUtil.java,423,434,orig,TP,T3
tomcat/java/org/apache/jasper/compiler/JspUtil.java,410,422,tomcat/java/org/apache/jasper/compiler/JspUtil.java,435,447,orig,TP,T3
tomcat/java/org/apache/jasper/compiler/JspUtil.java,410,422,tomcat/java/org/apache/jasper/compiler/JspUtil.java,448,459,orig,TP,T3
tomcat/java/org/apache/jasper/compiler/JspUtil.java,423,434,tomcat/java/org/apache/jasper/compiler/JspUtil.java,435,447,orig,TP,T3
tomcat/java/org/apache/jasper/compiler/JspUtil.java,423,434,tomcat/java/org/apache/jasper/compiler/JspUtil.java,448,459,orig,TP,T3
tomcat/java/org/apache/jasper/compiler/JspUtil.java,435,447,tomcat/java/org/apache/jasper/compiler/JspUtil.java,448,459,orig,TP,T3
tomcat/java/org/apache/jasper/compiler/Node.java,290,302,tomcat/java/org/apache/jasper/compiler/Node.java,355,367,orig,TP,T3
tomcat/java/org/apache/juli/DateFormatCache.java,62,110,tomcat/java/org/apache/catalina/valves/AbstractAccessLogValve.java,81,136,orig,TP,T3
tomcat/java/org/apache/naming/NamingContext.java,411,421,tomcat/java/org/apache/coyote/ajp/AjpProcessor.java,149,158,orig,TP,T3
tomcat/java/org/apache/tomcat/util/buf/ByteChunk.java,425,435,tomcat/java/org/apache/tomcat/util/buf/ByteChunk.java,436,445,orig,TP,T3
tomcat/java/org/apache/tomcat/util/buf/MessageBytes.java,98,108,tomcat/java/org/apache/tomcat/util/buf/MessageBytes.java,109,118,orig,TP,T3
tomcat/java/org/apache/tomcat/util/descriptor/web/WebRuleSet.java,822,834,tomcat/java/org/apache/tomcat/util/descriptor/web/WebRuleSet.java,840,853,orig,TP,T3
tomcat/java/org/apache/tomcat/util/net/Nio2Endpoint.java,455,468,tomcat/java/org/apache/tomcat/util/net/Nio2Endpoint.java,815,828,orig,TP,T3